[{"tag":{"S":"tLTTE67pANe5CA2dNqybO/_N_T_/layout"},"path":{"S":"tLTTE67pANe5CA2dNqybO/_not-found"},"revalidatedAt":{"N":"1719883948454"}},{"tag":{"S":"tLTTE67pANe5CA2dNqybO/_N_T_/_not-found/layout"},"path":{"S":"tLTTE67pANe5CA2dNqybO/_not-found"},"revalidatedAt":{"N":"1719883948455"}},{"tag":{"S":"tLTTE67pANe5CA2dNqybO/_N_T_/_not-found/page"},"path":{"S":"tLTTE67pANe5CA2dNqybO/_not-found"},"revalidatedAt":{"N":"1719883948455"}},{"tag":{"S":"tLTTE67pANe5CA2dNqybO/_N_T_/_not-found"},"path":{"S":"tLTTE67pANe5CA2dNqybO/_not-found"},"revalidatedAt":{"N":"1719883948455"}},{"tag":{"S":"tLTTE67pANe5CA2dNqybO/_N_T_/layout"},"path":{"S":"tLTTE67pANe5CA2dNqybO/favicon.ico"},"revalidatedAt":{"N":"1719883948455"}},{"tag":{"S":"tLTTE67pANe5CA2dNqybO/_N_T_/favicon.ico/layout"},"path":{"S":"tLTTE67pANe5CA2dNqybO/favicon.ico"},"revalidatedAt":{"N":"1719883948455"}},{"tag":{"S":"tLTTE67pANe5CA2dNqybO/_N_T_/favicon.ico/route"},"path":{"S":"tLTTE67pANe5CA2dNqybO/favicon.ico"},"revalidatedAt":{"N":"1719883948455"}},{"tag":{"S":"tLTTE67pANe5CA2dNqybO/_N_T_/favicon.ico"},"path":{"S":"tLTTE67pANe5CA2dNqybO/favicon.ico"},"revalidatedAt":{"N":"1719883948455"}},{"tag":{"S":"tLTTE67pANe5CA2dNqybO/_N_T_/layout"},"path":{"S":"tLTTE67pANe5CA2dNqybO/index"},"revalidatedAt":{"N":"1719883948455"}},{"tag":{"S":"tLTTE67pANe5CA2dNqybO/_N_T_/page"},"path":{"S":"tLTTE67pANe5CA2dNqybO/index"},"revalidatedAt":{"N":"1719883948455"}},{"tag":{"S":"tLTTE67pANe5CA2dNqybO/_N_T_/"},"path":{"S":"tLTTE67pANe5CA2dNqybO/index"},"revalidatedAt":{"N":"1719883948455"}},{"tag":{"S":"tLTTE67pANe5CA2dNqybO/_N_T_/layout"},"path":{"S":"tLTTE67pANe5CA2dNqybO/privacy"},"revalidatedAt":{"N":"1719883948455"}},{"tag":{"S":"tLTTE67pANe5CA2dNqybO/_N_T_/privacy/layout"},"path":{"S":"tLTTE67pANe5CA2dNqybO/privacy"},"revalidatedAt":{"N":"1719883948455"}},{"tag":{"S":"tLTTE67pANe5CA2dNqybO/_N_T_/privacy/page"},"path":{"S":"tLTTE67pANe5CA2dNqybO/privacy"},"revalidatedAt":{"N":"1719883948455"}},{"tag":{"S":"tLTTE67pANe5CA2dNqybO/_N_T_/privacy"},"path":{"S":"tLTTE67pANe5CA2dNqybO/privacy"},"revalidatedAt":{"N":"1719883948455"}},{"tag":{"S":"tLTTE67pANe5CA2dNqybO/_N_T_/layout"},"path":{"S":"tLTTE67pANe5CA2dNqybO/services/3d-reconstructions"},"revalidatedAt":{"N":"1719883948455"}},{"tag":{"S":"tLTTE67pANe5CA2dNqybO/_N_T_/services/layout"},"path":{"S":"tLTTE67pANe5CA2dNqybO/services/3d-reconstructions"},"revalidatedAt":{"N":"1719883948455"}},{"tag":{"S":"tLTTE67pANe5CA2dNqybO/_N_T_/services/3d-reconstructions/layout"},"path":{"S":"tLTTE67pANe5CA2dNqybO/services/3d-reconstructions"},"revalidatedAt":{"N":"1719883948455"}},{"tag":{"S":"tLTTE67pANe5CA2dNqybO/_N_T_/services/3d-reconstructions/page"},"path":{"S":"tLTTE67pANe5CA2dNqybO/services/3d-reconstructions"},"revalidatedAt":{"N":"1719883948455"}},{"tag":{"S":"tLTTE67pANe5CA2dNqybO/_N_T_/services/3d-reconstructions"},"path":{"S":"tLTTE67pANe5CA2dNqybO/services/3d-reconstructions"},"revalidatedAt":{"N":"1719883948455"}},{"tag":{"S":"tLTTE67pANe5CA2dNqybO/_N_T_/layout"},"path":{"S":"tLTTE67pANe5CA2dNqybO/services/augmented-reality"},"revalidatedAt":{"N":"1719883948455"}},{"tag":{"S":"tLTTE67pANe5CA2dNqybO/_N_T_/services/layout"},"path":{"S":"tLTTE67pANe5CA2dNqybO/services/augmented-reality"},"revalidatedAt":{"N":"1719883948455"}},{"tag":{"S":"tLTTE67pANe5CA2dNqybO/_N_T_/services/augmented-reality/layout"},"path":{"S":"tLTTE67pANe5CA2dNqybO/services/augmented-reality"},"revalidatedAt":{"N":"1719883948455"}},{"tag":{"S":"tLTTE67pANe5CA2dNqybO/_N_T_/services/augmented-reality/page"},"path":{"S":"tLTTE67pANe5CA2dNqybO/services/augmented-reality"},"revalidatedAt":{"N":"1719883948455"}},{"tag":{"S":"tLTTE67pANe5CA2dNqybO/_N_T_/services/augmented-reality"},"path":{"S":"tLTTE67pANe5CA2dNqybO/services/augmented-reality"},"revalidatedAt":{"N":"1719883948455"}},{"tag":{"S":"tLTTE67pANe5CA2dNqybO/_N_T_/layout"},"path":{"S":"tLTTE67pANe5CA2dNqybO/services/flythroughs"},"revalidatedAt":{"N":"1719883948455"}},{"tag":{"S":"tLTTE67pANe5CA2dNqybO/_N_T_/services/layout"},"path":{"S":"tLTTE67pANe5CA2dNqybO/services/flythroughs"},"revalidatedAt":{"N":"1719883948455"}},{"tag":{"S":"tLTTE67pANe5CA2dNqybO/_N_T_/services/flythroughs/layout"},"path":{"S":"tLTTE67pANe5CA2dNqybO/services/flythroughs"},"revalidatedAt":{"N":"1719883948455"}},{"tag":{"S":"tLTTE67pANe5CA2dNqybO/_N_T_/services/flythroughs/page"},"path":{"S":"tLTTE67pANe5CA2dNqybO/services/flythroughs"},"revalidatedAt":{"N":"1719883948455"}},{"tag":{"S":"tLTTE67pANe5CA2dNqybO/_N_T_/services/flythroughs"},"path":{"S":"tLTTE67pANe5CA2dNqybO/services/flythroughs"},"revalidatedAt":{"N":"1719883948455"}},{"tag":{"S":"tLTTE67pANe5CA2dNqybO/_N_T_/layout"},"path":{"S":"tLTTE67pANe5CA2dNqybO/services/lidar-scans"},"revalidatedAt":{"N":"1719883948456"}},{"tag":{"S":"tLTTE67pANe5CA2dNqybO/_N_T_/services/layout"},"path":{"S":"tLTTE67pANe5CA2dNqybO/services/lidar-scans"},"revalidatedAt":{"N":"1719883948456"}},{"tag":{"S":"tLTTE67pANe5CA2dNqybO/_N_T_/services/lidar-scans/layout"},"path":{"S":"tLTTE67pANe5CA2dNqybO/services/lidar-scans"},"revalidatedAt":{"N":"1719883948456"}},{"tag":{"S":"tLTTE67pANe5CA2dNqybO/_N_T_/services/lidar-scans/page"},"path":{"S":"tLTTE67pANe5CA2dNqybO/services/lidar-scans"},"revalidatedAt":{"N":"1719883948456"}},{"tag":{"S":"tLTTE67pANe5CA2dNqybO/_N_T_/services/lidar-scans"},"path":{"S":"tLTTE67pANe5CA2dNqybO/services/lidar-scans"},"revalidatedAt":{"N":"1719883948456"}}]