[{"tag":{"S":"zK3ga9XpO0Jlt52vSLCaS/_N_T_/layout"},"path":{"S":"zK3ga9XpO0Jlt52vSLCaS/_not-found"},"revalidatedAt":{"N":"1719868480720"}},{"tag":{"S":"zK3ga9XpO0Jlt52vSLCaS/_N_T_/_not-found/layout"},"path":{"S":"zK3ga9XpO0Jlt52vSLCaS/_not-found"},"revalidatedAt":{"N":"1719868480720"}},{"tag":{"S":"zK3ga9XpO0Jlt52vSLCaS/_N_T_/_not-found/page"},"path":{"S":"zK3ga9XpO0Jlt52vSLCaS/_not-found"},"revalidatedAt":{"N":"1719868480720"}},{"tag":{"S":"zK3ga9XpO0Jlt52vSLCaS/_N_T_/_not-found"},"path":{"S":"zK3ga9XpO0Jlt52vSLCaS/_not-found"},"revalidatedAt":{"N":"1719868480720"}},{"tag":{"S":"zK3ga9XpO0Jlt52vSLCaS/_N_T_/layout"},"path":{"S":"zK3ga9XpO0Jlt52vSLCaS/favicon.ico"},"revalidatedAt":{"N":"1719868480721"}},{"tag":{"S":"zK3ga9XpO0Jlt52vSLCaS/_N_T_/favicon.ico/layout"},"path":{"S":"zK3ga9XpO0Jlt52vSLCaS/favicon.ico"},"revalidatedAt":{"N":"1719868480721"}},{"tag":{"S":"zK3ga9XpO0Jlt52vSLCaS/_N_T_/favicon.ico/route"},"path":{"S":"zK3ga9XpO0Jlt52vSLCaS/favicon.ico"},"revalidatedAt":{"N":"1719868480721"}},{"tag":{"S":"zK3ga9XpO0Jlt52vSLCaS/_N_T_/favicon.ico"},"path":{"S":"zK3ga9XpO0Jlt52vSLCaS/favicon.ico"},"revalidatedAt":{"N":"1719868480721"}},{"tag":{"S":"zK3ga9XpO0Jlt52vSLCaS/_N_T_/layout"},"path":{"S":"zK3ga9XpO0Jlt52vSLCaS/index"},"revalidatedAt":{"N":"1719868480721"}},{"tag":{"S":"zK3ga9XpO0Jlt52vSLCaS/_N_T_/page"},"path":{"S":"zK3ga9XpO0Jlt52vSLCaS/index"},"revalidatedAt":{"N":"1719868480721"}},{"tag":{"S":"zK3ga9XpO0Jlt52vSLCaS/_N_T_/"},"path":{"S":"zK3ga9XpO0Jlt52vSLCaS/index"},"revalidatedAt":{"N":"1719868480721"}},{"tag":{"S":"zK3ga9XpO0Jlt52vSLCaS/_N_T_/layout"},"path":{"S":"zK3ga9XpO0Jlt52vSLCaS/privacy"},"revalidatedAt":{"N":"1719868480721"}},{"tag":{"S":"zK3ga9XpO0Jlt52vSLCaS/_N_T_/privacy/layout"},"path":{"S":"zK3ga9XpO0Jlt52vSLCaS/privacy"},"revalidatedAt":{"N":"1719868480721"}},{"tag":{"S":"zK3ga9XpO0Jlt52vSLCaS/_N_T_/privacy/page"},"path":{"S":"zK3ga9XpO0Jlt52vSLCaS/privacy"},"revalidatedAt":{"N":"1719868480721"}},{"tag":{"S":"zK3ga9XpO0Jlt52vSLCaS/_N_T_/privacy"},"path":{"S":"zK3ga9XpO0Jlt52vSLCaS/privacy"},"revalidatedAt":{"N":"1719868480721"}}]