[{"tag":{"S":"cvasGOx-GRcG2rSW59nz2/_N_T_/layout"},"path":{"S":"cvasGOx-GRcG2rSW59nz2/_not-found"},"revalidatedAt":{"N":"1717863111680"}},{"tag":{"S":"cvasGOx-GRcG2rSW59nz2/_N_T_/_not-found/layout"},"path":{"S":"cvasGOx-GRcG2rSW59nz2/_not-found"},"revalidatedAt":{"N":"1717863111680"}},{"tag":{"S":"cvasGOx-GRcG2rSW59nz2/_N_T_/_not-found/page"},"path":{"S":"cvasGOx-GRcG2rSW59nz2/_not-found"},"revalidatedAt":{"N":"1717863111680"}},{"tag":{"S":"cvasGOx-GRcG2rSW59nz2/_N_T_/_not-found"},"path":{"S":"cvasGOx-GRcG2rSW59nz2/_not-found"},"revalidatedAt":{"N":"1717863111680"}},{"tag":{"S":"cvasGOx-GRcG2rSW59nz2/_N_T_/layout"},"path":{"S":"cvasGOx-GRcG2rSW59nz2/about"},"revalidatedAt":{"N":"1717863111680"}},{"tag":{"S":"cvasGOx-GRcG2rSW59nz2/_N_T_/about/layout"},"path":{"S":"cvasGOx-GRcG2rSW59nz2/about"},"revalidatedAt":{"N":"1717863111680"}},{"tag":{"S":"cvasGOx-GRcG2rSW59nz2/_N_T_/about/page"},"path":{"S":"cvasGOx-GRcG2rSW59nz2/about"},"revalidatedAt":{"N":"1717863111680"}},{"tag":{"S":"cvasGOx-GRcG2rSW59nz2/_N_T_/about"},"path":{"S":"cvasGOx-GRcG2rSW59nz2/about"},"revalidatedAt":{"N":"1717863111680"}},{"tag":{"S":"cvasGOx-GRcG2rSW59nz2/_N_T_/layout"},"path":{"S":"cvasGOx-GRcG2rSW59nz2/favicon.ico"},"revalidatedAt":{"N":"1717863111681"}},{"tag":{"S":"cvasGOx-GRcG2rSW59nz2/_N_T_/favicon.ico/layout"},"path":{"S":"cvasGOx-GRcG2rSW59nz2/favicon.ico"},"revalidatedAt":{"N":"1717863111681"}},{"tag":{"S":"cvasGOx-GRcG2rSW59nz2/_N_T_/favicon.ico/route"},"path":{"S":"cvasGOx-GRcG2rSW59nz2/favicon.ico"},"revalidatedAt":{"N":"1717863111681"}},{"tag":{"S":"cvasGOx-GRcG2rSW59nz2/_N_T_/favicon.ico"},"path":{"S":"cvasGOx-GRcG2rSW59nz2/favicon.ico"},"revalidatedAt":{"N":"1717863111681"}},{"tag":{"S":"cvasGOx-GRcG2rSW59nz2/_N_T_/layout"},"path":{"S":"cvasGOx-GRcG2rSW59nz2/index"},"revalidatedAt":{"N":"1717863111681"}},{"tag":{"S":"cvasGOx-GRcG2rSW59nz2/_N_T_/page"},"path":{"S":"cvasGOx-GRcG2rSW59nz2/index"},"revalidatedAt":{"N":"1717863111681"}},{"tag":{"S":"cvasGOx-GRcG2rSW59nz2/_N_T_/"},"path":{"S":"cvasGOx-GRcG2rSW59nz2/index"},"revalidatedAt":{"N":"1717863111681"}},{"tag":{"S":"cvasGOx-GRcG2rSW59nz2/_N_T_/layout"},"path":{"S":"cvasGOx-GRcG2rSW59nz2/privacy"},"revalidatedAt":{"N":"1717863111681"}},{"tag":{"S":"cvasGOx-GRcG2rSW59nz2/_N_T_/privacy/layout"},"path":{"S":"cvasGOx-GRcG2rSW59nz2/privacy"},"revalidatedAt":{"N":"1717863111681"}},{"tag":{"S":"cvasGOx-GRcG2rSW59nz2/_N_T_/privacy/page"},"path":{"S":"cvasGOx-GRcG2rSW59nz2/privacy"},"revalidatedAt":{"N":"1717863111681"}},{"tag":{"S":"cvasGOx-GRcG2rSW59nz2/_N_T_/privacy"},"path":{"S":"cvasGOx-GRcG2rSW59nz2/privacy"},"revalidatedAt":{"N":"1717863111681"}},{"tag":{"S":"cvasGOx-GRcG2rSW59nz2/_N_T_/layout"},"path":{"S":"cvasGOx-GRcG2rSW59nz2/terms"},"revalidatedAt":{"N":"1717863111681"}},{"tag":{"S":"cvasGOx-GRcG2rSW59nz2/_N_T_/terms/layout"},"path":{"S":"cvasGOx-GRcG2rSW59nz2/terms"},"revalidatedAt":{"N":"1717863111681"}},{"tag":{"S":"cvasGOx-GRcG2rSW59nz2/_N_T_/terms/page"},"path":{"S":"cvasGOx-GRcG2rSW59nz2/terms"},"revalidatedAt":{"N":"1717863111681"}},{"tag":{"S":"cvasGOx-GRcG2rSW59nz2/_N_T_/terms"},"path":{"S":"cvasGOx-GRcG2rSW59nz2/terms"},"revalidatedAt":{"N":"1717863111681"}}]