[{"tag":{"S":"fA_ay6xM5oJo_QQsGC1ZM/_N_T_/layout"},"path":{"S":"fA_ay6xM5oJo_QQsGC1ZM/_not-found"},"revalidatedAt":{"N":"1718022145165"}},{"tag":{"S":"fA_ay6xM5oJo_QQsGC1ZM/_N_T_/_not-found/layout"},"path":{"S":"fA_ay6xM5oJo_QQsGC1ZM/_not-found"},"revalidatedAt":{"N":"1718022145165"}},{"tag":{"S":"fA_ay6xM5oJo_QQsGC1ZM/_N_T_/_not-found/page"},"path":{"S":"fA_ay6xM5oJo_QQsGC1ZM/_not-found"},"revalidatedAt":{"N":"1718022145165"}},{"tag":{"S":"fA_ay6xM5oJo_QQsGC1ZM/_N_T_/_not-found"},"path":{"S":"fA_ay6xM5oJo_QQsGC1ZM/_not-found"},"revalidatedAt":{"N":"1718022145165"}},{"tag":{"S":"fA_ay6xM5oJo_QQsGC1ZM/_N_T_/layout"},"path":{"S":"fA_ay6xM5oJo_QQsGC1ZM/about"},"revalidatedAt":{"N":"1718022145166"}},{"tag":{"S":"fA_ay6xM5oJo_QQsGC1ZM/_N_T_/about/layout"},"path":{"S":"fA_ay6xM5oJo_QQsGC1ZM/about"},"revalidatedAt":{"N":"1718022145166"}},{"tag":{"S":"fA_ay6xM5oJo_QQsGC1ZM/_N_T_/about/page"},"path":{"S":"fA_ay6xM5oJo_QQsGC1ZM/about"},"revalidatedAt":{"N":"1718022145166"}},{"tag":{"S":"fA_ay6xM5oJo_QQsGC1ZM/_N_T_/about"},"path":{"S":"fA_ay6xM5oJo_QQsGC1ZM/about"},"revalidatedAt":{"N":"1718022145166"}},{"tag":{"S":"fA_ay6xM5oJo_QQsGC1ZM/_N_T_/layout"},"path":{"S":"fA_ay6xM5oJo_QQsGC1ZM/favicon.ico"},"revalidatedAt":{"N":"1718022145167"}},{"tag":{"S":"fA_ay6xM5oJo_QQsGC1ZM/_N_T_/favicon.ico/layout"},"path":{"S":"fA_ay6xM5oJo_QQsGC1ZM/favicon.ico"},"revalidatedAt":{"N":"1718022145167"}},{"tag":{"S":"fA_ay6xM5oJo_QQsGC1ZM/_N_T_/favicon.ico/route"},"path":{"S":"fA_ay6xM5oJo_QQsGC1ZM/favicon.ico"},"revalidatedAt":{"N":"1718022145167"}},{"tag":{"S":"fA_ay6xM5oJo_QQsGC1ZM/_N_T_/favicon.ico"},"path":{"S":"fA_ay6xM5oJo_QQsGC1ZM/favicon.ico"},"revalidatedAt":{"N":"1718022145167"}},{"tag":{"S":"fA_ay6xM5oJo_QQsGC1ZM/_N_T_/layout"},"path":{"S":"fA_ay6xM5oJo_QQsGC1ZM/index"},"revalidatedAt":{"N":"1718022145167"}},{"tag":{"S":"fA_ay6xM5oJo_QQsGC1ZM/_N_T_/page"},"path":{"S":"fA_ay6xM5oJo_QQsGC1ZM/index"},"revalidatedAt":{"N":"1718022145167"}},{"tag":{"S":"fA_ay6xM5oJo_QQsGC1ZM/_N_T_/"},"path":{"S":"fA_ay6xM5oJo_QQsGC1ZM/index"},"revalidatedAt":{"N":"1718022145167"}},{"tag":{"S":"fA_ay6xM5oJo_QQsGC1ZM/_N_T_/layout"},"path":{"S":"fA_ay6xM5oJo_QQsGC1ZM/privacy"},"revalidatedAt":{"N":"1718022145167"}},{"tag":{"S":"fA_ay6xM5oJo_QQsGC1ZM/_N_T_/privacy/layout"},"path":{"S":"fA_ay6xM5oJo_QQsGC1ZM/privacy"},"revalidatedAt":{"N":"1718022145167"}},{"tag":{"S":"fA_ay6xM5oJo_QQsGC1ZM/_N_T_/privacy/page"},"path":{"S":"fA_ay6xM5oJo_QQsGC1ZM/privacy"},"revalidatedAt":{"N":"1718022145167"}},{"tag":{"S":"fA_ay6xM5oJo_QQsGC1ZM/_N_T_/privacy"},"path":{"S":"fA_ay6xM5oJo_QQsGC1ZM/privacy"},"revalidatedAt":{"N":"1718022145167"}},{"tag":{"S":"fA_ay6xM5oJo_QQsGC1ZM/_N_T_/layout"},"path":{"S":"fA_ay6xM5oJo_QQsGC1ZM/terms"},"revalidatedAt":{"N":"1718022145167"}},{"tag":{"S":"fA_ay6xM5oJo_QQsGC1ZM/_N_T_/terms/layout"},"path":{"S":"fA_ay6xM5oJo_QQsGC1ZM/terms"},"revalidatedAt":{"N":"1718022145168"}},{"tag":{"S":"fA_ay6xM5oJo_QQsGC1ZM/_N_T_/terms/page"},"path":{"S":"fA_ay6xM5oJo_QQsGC1ZM/terms"},"revalidatedAt":{"N":"1718022145168"}},{"tag":{"S":"fA_ay6xM5oJo_QQsGC1ZM/_N_T_/terms"},"path":{"S":"fA_ay6xM5oJo_QQsGC1ZM/terms"},"revalidatedAt":{"N":"1718022145168"}}]