[{"tag":{"S":"OoUqYxBjY6ErFpj-s5QTw/_N_T_/layout"},"path":{"S":"OoUqYxBjY6ErFpj-s5QTw/_not-found"},"revalidatedAt":{"N":"1717634247949"}},{"tag":{"S":"OoUqYxBjY6ErFpj-s5QTw/_N_T_/_not-found/layout"},"path":{"S":"OoUqYxBjY6ErFpj-s5QTw/_not-found"},"revalidatedAt":{"N":"1717634247949"}},{"tag":{"S":"OoUqYxBjY6ErFpj-s5QTw/_N_T_/_not-found/page"},"path":{"S":"OoUqYxBjY6ErFpj-s5QTw/_not-found"},"revalidatedAt":{"N":"1717634247949"}},{"tag":{"S":"OoUqYxBjY6ErFpj-s5QTw/_N_T_/_not-found"},"path":{"S":"OoUqYxBjY6ErFpj-s5QTw/_not-found"},"revalidatedAt":{"N":"1717634247949"}},{"tag":{"S":"OoUqYxBjY6ErFpj-s5QTw/_N_T_/layout"},"path":{"S":"OoUqYxBjY6ErFpj-s5QTw/about"},"revalidatedAt":{"N":"1717634247949"}},{"tag":{"S":"OoUqYxBjY6ErFpj-s5QTw/_N_T_/about/layout"},"path":{"S":"OoUqYxBjY6ErFpj-s5QTw/about"},"revalidatedAt":{"N":"1717634247949"}},{"tag":{"S":"OoUqYxBjY6ErFpj-s5QTw/_N_T_/about/page"},"path":{"S":"OoUqYxBjY6ErFpj-s5QTw/about"},"revalidatedAt":{"N":"1717634247949"}},{"tag":{"S":"OoUqYxBjY6ErFpj-s5QTw/_N_T_/about"},"path":{"S":"OoUqYxBjY6ErFpj-s5QTw/about"},"revalidatedAt":{"N":"1717634247949"}},{"tag":{"S":"OoUqYxBjY6ErFpj-s5QTw/_N_T_/layout"},"path":{"S":"OoUqYxBjY6ErFpj-s5QTw/favicon.ico"},"revalidatedAt":{"N":"1717634247950"}},{"tag":{"S":"OoUqYxBjY6ErFpj-s5QTw/_N_T_/favicon.ico/layout"},"path":{"S":"OoUqYxBjY6ErFpj-s5QTw/favicon.ico"},"revalidatedAt":{"N":"1717634247950"}},{"tag":{"S":"OoUqYxBjY6ErFpj-s5QTw/_N_T_/favicon.ico/route"},"path":{"S":"OoUqYxBjY6ErFpj-s5QTw/favicon.ico"},"revalidatedAt":{"N":"1717634247950"}},{"tag":{"S":"OoUqYxBjY6ErFpj-s5QTw/_N_T_/favicon.ico"},"path":{"S":"OoUqYxBjY6ErFpj-s5QTw/favicon.ico"},"revalidatedAt":{"N":"1717634247950"}},{"tag":{"S":"OoUqYxBjY6ErFpj-s5QTw/_N_T_/layout"},"path":{"S":"OoUqYxBjY6ErFpj-s5QTw/index"},"revalidatedAt":{"N":"1717634247950"}},{"tag":{"S":"OoUqYxBjY6ErFpj-s5QTw/_N_T_/page"},"path":{"S":"OoUqYxBjY6ErFpj-s5QTw/index"},"revalidatedAt":{"N":"1717634247950"}},{"tag":{"S":"OoUqYxBjY6ErFpj-s5QTw/_N_T_/"},"path":{"S":"OoUqYxBjY6ErFpj-s5QTw/index"},"revalidatedAt":{"N":"1717634247950"}},{"tag":{"S":"OoUqYxBjY6ErFpj-s5QTw/_N_T_/layout"},"path":{"S":"OoUqYxBjY6ErFpj-s5QTw/privacy"},"revalidatedAt":{"N":"1717634247950"}},{"tag":{"S":"OoUqYxBjY6ErFpj-s5QTw/_N_T_/privacy/layout"},"path":{"S":"OoUqYxBjY6ErFpj-s5QTw/privacy"},"revalidatedAt":{"N":"1717634247950"}},{"tag":{"S":"OoUqYxBjY6ErFpj-s5QTw/_N_T_/privacy/page"},"path":{"S":"OoUqYxBjY6ErFpj-s5QTw/privacy"},"revalidatedAt":{"N":"1717634247950"}},{"tag":{"S":"OoUqYxBjY6ErFpj-s5QTw/_N_T_/privacy"},"path":{"S":"OoUqYxBjY6ErFpj-s5QTw/privacy"},"revalidatedAt":{"N":"1717634247950"}},{"tag":{"S":"OoUqYxBjY6ErFpj-s5QTw/_N_T_/layout"},"path":{"S":"OoUqYxBjY6ErFpj-s5QTw/terms"},"revalidatedAt":{"N":"1717634247950"}},{"tag":{"S":"OoUqYxBjY6ErFpj-s5QTw/_N_T_/terms/layout"},"path":{"S":"OoUqYxBjY6ErFpj-s5QTw/terms"},"revalidatedAt":{"N":"1717634247950"}},{"tag":{"S":"OoUqYxBjY6ErFpj-s5QTw/_N_T_/terms/page"},"path":{"S":"OoUqYxBjY6ErFpj-s5QTw/terms"},"revalidatedAt":{"N":"1717634247950"}},{"tag":{"S":"OoUqYxBjY6ErFpj-s5QTw/_N_T_/terms"},"path":{"S":"OoUqYxBjY6ErFpj-s5QTw/terms"},"revalidatedAt":{"N":"1717634247950"}}]