[{"tag":{"S":"ptdeqfHImipV0wRI5T9Y3/_N_T_/layout"},"path":{"S":"ptdeqfHImipV0wRI5T9Y3/_not-found"},"revalidatedAt":{"N":"1719865899995"}},{"tag":{"S":"ptdeqfHImipV0wRI5T9Y3/_N_T_/_not-found/layout"},"path":{"S":"ptdeqfHImipV0wRI5T9Y3/_not-found"},"revalidatedAt":{"N":"1719865899995"}},{"tag":{"S":"ptdeqfHImipV0wRI5T9Y3/_N_T_/_not-found/page"},"path":{"S":"ptdeqfHImipV0wRI5T9Y3/_not-found"},"revalidatedAt":{"N":"1719865899995"}},{"tag":{"S":"ptdeqfHImipV0wRI5T9Y3/_N_T_/_not-found"},"path":{"S":"ptdeqfHImipV0wRI5T9Y3/_not-found"},"revalidatedAt":{"N":"1719865899995"}},{"tag":{"S":"ptdeqfHImipV0wRI5T9Y3/_N_T_/layout"},"path":{"S":"ptdeqfHImipV0wRI5T9Y3/favicon.ico"},"revalidatedAt":{"N":"1719865899995"}},{"tag":{"S":"ptdeqfHImipV0wRI5T9Y3/_N_T_/favicon.ico/layout"},"path":{"S":"ptdeqfHImipV0wRI5T9Y3/favicon.ico"},"revalidatedAt":{"N":"1719865899995"}},{"tag":{"S":"ptdeqfHImipV0wRI5T9Y3/_N_T_/favicon.ico/route"},"path":{"S":"ptdeqfHImipV0wRI5T9Y3/favicon.ico"},"revalidatedAt":{"N":"1719865899995"}},{"tag":{"S":"ptdeqfHImipV0wRI5T9Y3/_N_T_/favicon.ico"},"path":{"S":"ptdeqfHImipV0wRI5T9Y3/favicon.ico"},"revalidatedAt":{"N":"1719865899995"}},{"tag":{"S":"ptdeqfHImipV0wRI5T9Y3/_N_T_/layout"},"path":{"S":"ptdeqfHImipV0wRI5T9Y3/index"},"revalidatedAt":{"N":"1719865899995"}},{"tag":{"S":"ptdeqfHImipV0wRI5T9Y3/_N_T_/page"},"path":{"S":"ptdeqfHImipV0wRI5T9Y3/index"},"revalidatedAt":{"N":"1719865899995"}},{"tag":{"S":"ptdeqfHImipV0wRI5T9Y3/_N_T_/"},"path":{"S":"ptdeqfHImipV0wRI5T9Y3/index"},"revalidatedAt":{"N":"1719865899995"}},{"tag":{"S":"ptdeqfHImipV0wRI5T9Y3/_N_T_/layout"},"path":{"S":"ptdeqfHImipV0wRI5T9Y3/privacy"},"revalidatedAt":{"N":"1719865899995"}},{"tag":{"S":"ptdeqfHImipV0wRI5T9Y3/_N_T_/privacy/layout"},"path":{"S":"ptdeqfHImipV0wRI5T9Y3/privacy"},"revalidatedAt":{"N":"1719865899995"}},{"tag":{"S":"ptdeqfHImipV0wRI5T9Y3/_N_T_/privacy/page"},"path":{"S":"ptdeqfHImipV0wRI5T9Y3/privacy"},"revalidatedAt":{"N":"1719865899995"}},{"tag":{"S":"ptdeqfHImipV0wRI5T9Y3/_N_T_/privacy"},"path":{"S":"ptdeqfHImipV0wRI5T9Y3/privacy"},"revalidatedAt":{"N":"1719865899995"}}]