[{"tag":{"S":"Ezp4OWgY29ik-q7xIgsVb/_N_T_/layout"},"path":{"S":"Ezp4OWgY29ik-q7xIgsVb/_not-found"},"revalidatedAt":{"N":"1719865044273"}},{"tag":{"S":"Ezp4OWgY29ik-q7xIgsVb/_N_T_/_not-found/layout"},"path":{"S":"Ezp4OWgY29ik-q7xIgsVb/_not-found"},"revalidatedAt":{"N":"1719865044273"}},{"tag":{"S":"Ezp4OWgY29ik-q7xIgsVb/_N_T_/_not-found/page"},"path":{"S":"Ezp4OWgY29ik-q7xIgsVb/_not-found"},"revalidatedAt":{"N":"1719865044273"}},{"tag":{"S":"Ezp4OWgY29ik-q7xIgsVb/_N_T_/_not-found"},"path":{"S":"Ezp4OWgY29ik-q7xIgsVb/_not-found"},"revalidatedAt":{"N":"1719865044273"}},{"tag":{"S":"Ezp4OWgY29ik-q7xIgsVb/_N_T_/layout"},"path":{"S":"Ezp4OWgY29ik-q7xIgsVb/favicon.ico"},"revalidatedAt":{"N":"1719865044273"}},{"tag":{"S":"Ezp4OWgY29ik-q7xIgsVb/_N_T_/favicon.ico/layout"},"path":{"S":"Ezp4OWgY29ik-q7xIgsVb/favicon.ico"},"revalidatedAt":{"N":"1719865044273"}},{"tag":{"S":"Ezp4OWgY29ik-q7xIgsVb/_N_T_/favicon.ico/route"},"path":{"S":"Ezp4OWgY29ik-q7xIgsVb/favicon.ico"},"revalidatedAt":{"N":"1719865044273"}},{"tag":{"S":"Ezp4OWgY29ik-q7xIgsVb/_N_T_/favicon.ico"},"path":{"S":"Ezp4OWgY29ik-q7xIgsVb/favicon.ico"},"revalidatedAt":{"N":"1719865044273"}},{"tag":{"S":"Ezp4OWgY29ik-q7xIgsVb/_N_T_/layout"},"path":{"S":"Ezp4OWgY29ik-q7xIgsVb/index"},"revalidatedAt":{"N":"1719865044273"}},{"tag":{"S":"Ezp4OWgY29ik-q7xIgsVb/_N_T_/page"},"path":{"S":"Ezp4OWgY29ik-q7xIgsVb/index"},"revalidatedAt":{"N":"1719865044273"}},{"tag":{"S":"Ezp4OWgY29ik-q7xIgsVb/_N_T_/"},"path":{"S":"Ezp4OWgY29ik-q7xIgsVb/index"},"revalidatedAt":{"N":"1719865044273"}},{"tag":{"S":"Ezp4OWgY29ik-q7xIgsVb/_N_T_/layout"},"path":{"S":"Ezp4OWgY29ik-q7xIgsVb/privacy"},"revalidatedAt":{"N":"1719865044273"}},{"tag":{"S":"Ezp4OWgY29ik-q7xIgsVb/_N_T_/privacy/layout"},"path":{"S":"Ezp4OWgY29ik-q7xIgsVb/privacy"},"revalidatedAt":{"N":"1719865044273"}},{"tag":{"S":"Ezp4OWgY29ik-q7xIgsVb/_N_T_/privacy/page"},"path":{"S":"Ezp4OWgY29ik-q7xIgsVb/privacy"},"revalidatedAt":{"N":"1719865044273"}},{"tag":{"S":"Ezp4OWgY29ik-q7xIgsVb/_N_T_/privacy"},"path":{"S":"Ezp4OWgY29ik-q7xIgsVb/privacy"},"revalidatedAt":{"N":"1719865044273"}}]