[{"tag":{"S":"_MEXbaaGXbFM1A0FsGZCW/_N_T_/layout"},"path":{"S":"_MEXbaaGXbFM1A0FsGZCW/_not-found"},"revalidatedAt":{"N":"1719868088173"}},{"tag":{"S":"_MEXbaaGXbFM1A0FsGZCW/_N_T_/_not-found/layout"},"path":{"S":"_MEXbaaGXbFM1A0FsGZCW/_not-found"},"revalidatedAt":{"N":"1719868088173"}},{"tag":{"S":"_MEXbaaGXbFM1A0FsGZCW/_N_T_/_not-found/page"},"path":{"S":"_MEXbaaGXbFM1A0FsGZCW/_not-found"},"revalidatedAt":{"N":"1719868088173"}},{"tag":{"S":"_MEXbaaGXbFM1A0FsGZCW/_N_T_/_not-found"},"path":{"S":"_MEXbaaGXbFM1A0FsGZCW/_not-found"},"revalidatedAt":{"N":"1719868088173"}},{"tag":{"S":"_MEXbaaGXbFM1A0FsGZCW/_N_T_/layout"},"path":{"S":"_MEXbaaGXbFM1A0FsGZCW/favicon.ico"},"revalidatedAt":{"N":"1719868088173"}},{"tag":{"S":"_MEXbaaGXbFM1A0FsGZCW/_N_T_/favicon.ico/layout"},"path":{"S":"_MEXbaaGXbFM1A0FsGZCW/favicon.ico"},"revalidatedAt":{"N":"1719868088173"}},{"tag":{"S":"_MEXbaaGXbFM1A0FsGZCW/_N_T_/favicon.ico/route"},"path":{"S":"_MEXbaaGXbFM1A0FsGZCW/favicon.ico"},"revalidatedAt":{"N":"1719868088173"}},{"tag":{"S":"_MEXbaaGXbFM1A0FsGZCW/_N_T_/favicon.ico"},"path":{"S":"_MEXbaaGXbFM1A0FsGZCW/favicon.ico"},"revalidatedAt":{"N":"1719868088173"}},{"tag":{"S":"_MEXbaaGXbFM1A0FsGZCW/_N_T_/layout"},"path":{"S":"_MEXbaaGXbFM1A0FsGZCW/index"},"revalidatedAt":{"N":"1719868088173"}},{"tag":{"S":"_MEXbaaGXbFM1A0FsGZCW/_N_T_/page"},"path":{"S":"_MEXbaaGXbFM1A0FsGZCW/index"},"revalidatedAt":{"N":"1719868088173"}},{"tag":{"S":"_MEXbaaGXbFM1A0FsGZCW/_N_T_/"},"path":{"S":"_MEXbaaGXbFM1A0FsGZCW/index"},"revalidatedAt":{"N":"1719868088173"}},{"tag":{"S":"_MEXbaaGXbFM1A0FsGZCW/_N_T_/layout"},"path":{"S":"_MEXbaaGXbFM1A0FsGZCW/privacy"},"revalidatedAt":{"N":"1719868088173"}},{"tag":{"S":"_MEXbaaGXbFM1A0FsGZCW/_N_T_/privacy/layout"},"path":{"S":"_MEXbaaGXbFM1A0FsGZCW/privacy"},"revalidatedAt":{"N":"1719868088173"}},{"tag":{"S":"_MEXbaaGXbFM1A0FsGZCW/_N_T_/privacy/page"},"path":{"S":"_MEXbaaGXbFM1A0FsGZCW/privacy"},"revalidatedAt":{"N":"1719868088173"}},{"tag":{"S":"_MEXbaaGXbFM1A0FsGZCW/_N_T_/privacy"},"path":{"S":"_MEXbaaGXbFM1A0FsGZCW/privacy"},"revalidatedAt":{"N":"1719868088173"}}]