[{"tag":{"S":"MaKcJmrZfeqK4r_NgfbsG/_N_T_/layout"},"path":{"S":"MaKcJmrZfeqK4r_NgfbsG/_not-found"},"revalidatedAt":{"N":"1718071806321"}},{"tag":{"S":"MaKcJmrZfeqK4r_NgfbsG/_N_T_/_not-found/layout"},"path":{"S":"MaKcJmrZfeqK4r_NgfbsG/_not-found"},"revalidatedAt":{"N":"1718071806321"}},{"tag":{"S":"MaKcJmrZfeqK4r_NgfbsG/_N_T_/_not-found/page"},"path":{"S":"MaKcJmrZfeqK4r_NgfbsG/_not-found"},"revalidatedAt":{"N":"1718071806321"}},{"tag":{"S":"MaKcJmrZfeqK4r_NgfbsG/_N_T_/_not-found"},"path":{"S":"MaKcJmrZfeqK4r_NgfbsG/_not-found"},"revalidatedAt":{"N":"1718071806321"}},{"tag":{"S":"MaKcJmrZfeqK4r_NgfbsG/_N_T_/layout"},"path":{"S":"MaKcJmrZfeqK4r_NgfbsG/about"},"revalidatedAt":{"N":"1718071806321"}},{"tag":{"S":"MaKcJmrZfeqK4r_NgfbsG/_N_T_/about/layout"},"path":{"S":"MaKcJmrZfeqK4r_NgfbsG/about"},"revalidatedAt":{"N":"1718071806321"}},{"tag":{"S":"MaKcJmrZfeqK4r_NgfbsG/_N_T_/about/page"},"path":{"S":"MaKcJmrZfeqK4r_NgfbsG/about"},"revalidatedAt":{"N":"1718071806321"}},{"tag":{"S":"MaKcJmrZfeqK4r_NgfbsG/_N_T_/about"},"path":{"S":"MaKcJmrZfeqK4r_NgfbsG/about"},"revalidatedAt":{"N":"1718071806321"}},{"tag":{"S":"MaKcJmrZfeqK4r_NgfbsG/_N_T_/layout"},"path":{"S":"MaKcJmrZfeqK4r_NgfbsG/favicon.ico"},"revalidatedAt":{"N":"1718071806322"}},{"tag":{"S":"MaKcJmrZfeqK4r_NgfbsG/_N_T_/favicon.ico/layout"},"path":{"S":"MaKcJmrZfeqK4r_NgfbsG/favicon.ico"},"revalidatedAt":{"N":"1718071806322"}},{"tag":{"S":"MaKcJmrZfeqK4r_NgfbsG/_N_T_/favicon.ico/route"},"path":{"S":"MaKcJmrZfeqK4r_NgfbsG/favicon.ico"},"revalidatedAt":{"N":"1718071806322"}},{"tag":{"S":"MaKcJmrZfeqK4r_NgfbsG/_N_T_/favicon.ico"},"path":{"S":"MaKcJmrZfeqK4r_NgfbsG/favicon.ico"},"revalidatedAt":{"N":"1718071806322"}},{"tag":{"S":"MaKcJmrZfeqK4r_NgfbsG/_N_T_/layout"},"path":{"S":"MaKcJmrZfeqK4r_NgfbsG/index"},"revalidatedAt":{"N":"1718071806322"}},{"tag":{"S":"MaKcJmrZfeqK4r_NgfbsG/_N_T_/page"},"path":{"S":"MaKcJmrZfeqK4r_NgfbsG/index"},"revalidatedAt":{"N":"1718071806322"}},{"tag":{"S":"MaKcJmrZfeqK4r_NgfbsG/_N_T_/"},"path":{"S":"MaKcJmrZfeqK4r_NgfbsG/index"},"revalidatedAt":{"N":"1718071806322"}},{"tag":{"S":"MaKcJmrZfeqK4r_NgfbsG/_N_T_/layout"},"path":{"S":"MaKcJmrZfeqK4r_NgfbsG/privacy"},"revalidatedAt":{"N":"1718071806322"}},{"tag":{"S":"MaKcJmrZfeqK4r_NgfbsG/_N_T_/privacy/layout"},"path":{"S":"MaKcJmrZfeqK4r_NgfbsG/privacy"},"revalidatedAt":{"N":"1718071806322"}},{"tag":{"S":"MaKcJmrZfeqK4r_NgfbsG/_N_T_/privacy/page"},"path":{"S":"MaKcJmrZfeqK4r_NgfbsG/privacy"},"revalidatedAt":{"N":"1718071806322"}},{"tag":{"S":"MaKcJmrZfeqK4r_NgfbsG/_N_T_/privacy"},"path":{"S":"MaKcJmrZfeqK4r_NgfbsG/privacy"},"revalidatedAt":{"N":"1718071806322"}},{"tag":{"S":"MaKcJmrZfeqK4r_NgfbsG/_N_T_/layout"},"path":{"S":"MaKcJmrZfeqK4r_NgfbsG/terms"},"revalidatedAt":{"N":"1718071806322"}},{"tag":{"S":"MaKcJmrZfeqK4r_NgfbsG/_N_T_/terms/layout"},"path":{"S":"MaKcJmrZfeqK4r_NgfbsG/terms"},"revalidatedAt":{"N":"1718071806322"}},{"tag":{"S":"MaKcJmrZfeqK4r_NgfbsG/_N_T_/terms/page"},"path":{"S":"MaKcJmrZfeqK4r_NgfbsG/terms"},"revalidatedAt":{"N":"1718071806322"}},{"tag":{"S":"MaKcJmrZfeqK4r_NgfbsG/_N_T_/terms"},"path":{"S":"MaKcJmrZfeqK4r_NgfbsG/terms"},"revalidatedAt":{"N":"1718071806322"}}]