[{"tag":{"S":"tdYSNfiF6IyORcZ4CDj9G/_N_T_/layout"},"path":{"S":"tdYSNfiF6IyORcZ4CDj9G/_not-found"},"revalidatedAt":{"N":"1718063453256"}},{"tag":{"S":"tdYSNfiF6IyORcZ4CDj9G/_N_T_/_not-found/layout"},"path":{"S":"tdYSNfiF6IyORcZ4CDj9G/_not-found"},"revalidatedAt":{"N":"1718063453256"}},{"tag":{"S":"tdYSNfiF6IyORcZ4CDj9G/_N_T_/_not-found/page"},"path":{"S":"tdYSNfiF6IyORcZ4CDj9G/_not-found"},"revalidatedAt":{"N":"1718063453256"}},{"tag":{"S":"tdYSNfiF6IyORcZ4CDj9G/_N_T_/_not-found"},"path":{"S":"tdYSNfiF6IyORcZ4CDj9G/_not-found"},"revalidatedAt":{"N":"1718063453256"}},{"tag":{"S":"tdYSNfiF6IyORcZ4CDj9G/_N_T_/layout"},"path":{"S":"tdYSNfiF6IyORcZ4CDj9G/about"},"revalidatedAt":{"N":"1718063453256"}},{"tag":{"S":"tdYSNfiF6IyORcZ4CDj9G/_N_T_/about/layout"},"path":{"S":"tdYSNfiF6IyORcZ4CDj9G/about"},"revalidatedAt":{"N":"1718063453256"}},{"tag":{"S":"tdYSNfiF6IyORcZ4CDj9G/_N_T_/about/page"},"path":{"S":"tdYSNfiF6IyORcZ4CDj9G/about"},"revalidatedAt":{"N":"1718063453256"}},{"tag":{"S":"tdYSNfiF6IyORcZ4CDj9G/_N_T_/about"},"path":{"S":"tdYSNfiF6IyORcZ4CDj9G/about"},"revalidatedAt":{"N":"1718063453256"}},{"tag":{"S":"tdYSNfiF6IyORcZ4CDj9G/_N_T_/layout"},"path":{"S":"tdYSNfiF6IyORcZ4CDj9G/favicon.ico"},"revalidatedAt":{"N":"1718063453256"}},{"tag":{"S":"tdYSNfiF6IyORcZ4CDj9G/_N_T_/favicon.ico/layout"},"path":{"S":"tdYSNfiF6IyORcZ4CDj9G/favicon.ico"},"revalidatedAt":{"N":"1718063453256"}},{"tag":{"S":"tdYSNfiF6IyORcZ4CDj9G/_N_T_/favicon.ico/route"},"path":{"S":"tdYSNfiF6IyORcZ4CDj9G/favicon.ico"},"revalidatedAt":{"N":"1718063453256"}},{"tag":{"S":"tdYSNfiF6IyORcZ4CDj9G/_N_T_/favicon.ico"},"path":{"S":"tdYSNfiF6IyORcZ4CDj9G/favicon.ico"},"revalidatedAt":{"N":"1718063453256"}},{"tag":{"S":"tdYSNfiF6IyORcZ4CDj9G/_N_T_/layout"},"path":{"S":"tdYSNfiF6IyORcZ4CDj9G/index"},"revalidatedAt":{"N":"1718063453256"}},{"tag":{"S":"tdYSNfiF6IyORcZ4CDj9G/_N_T_/page"},"path":{"S":"tdYSNfiF6IyORcZ4CDj9G/index"},"revalidatedAt":{"N":"1718063453256"}},{"tag":{"S":"tdYSNfiF6IyORcZ4CDj9G/_N_T_/"},"path":{"S":"tdYSNfiF6IyORcZ4CDj9G/index"},"revalidatedAt":{"N":"1718063453256"}},{"tag":{"S":"tdYSNfiF6IyORcZ4CDj9G/_N_T_/layout"},"path":{"S":"tdYSNfiF6IyORcZ4CDj9G/privacy"},"revalidatedAt":{"N":"1718063453256"}},{"tag":{"S":"tdYSNfiF6IyORcZ4CDj9G/_N_T_/privacy/layout"},"path":{"S":"tdYSNfiF6IyORcZ4CDj9G/privacy"},"revalidatedAt":{"N":"1718063453256"}},{"tag":{"S":"tdYSNfiF6IyORcZ4CDj9G/_N_T_/privacy/page"},"path":{"S":"tdYSNfiF6IyORcZ4CDj9G/privacy"},"revalidatedAt":{"N":"1718063453256"}},{"tag":{"S":"tdYSNfiF6IyORcZ4CDj9G/_N_T_/privacy"},"path":{"S":"tdYSNfiF6IyORcZ4CDj9G/privacy"},"revalidatedAt":{"N":"1718063453256"}},{"tag":{"S":"tdYSNfiF6IyORcZ4CDj9G/_N_T_/layout"},"path":{"S":"tdYSNfiF6IyORcZ4CDj9G/terms"},"revalidatedAt":{"N":"1718063453257"}},{"tag":{"S":"tdYSNfiF6IyORcZ4CDj9G/_N_T_/terms/layout"},"path":{"S":"tdYSNfiF6IyORcZ4CDj9G/terms"},"revalidatedAt":{"N":"1718063453257"}},{"tag":{"S":"tdYSNfiF6IyORcZ4CDj9G/_N_T_/terms/page"},"path":{"S":"tdYSNfiF6IyORcZ4CDj9G/terms"},"revalidatedAt":{"N":"1718063453257"}},{"tag":{"S":"tdYSNfiF6IyORcZ4CDj9G/_N_T_/terms"},"path":{"S":"tdYSNfiF6IyORcZ4CDj9G/terms"},"revalidatedAt":{"N":"1718063453257"}}]