[{"tag":{"S":"HGU6C525xRYVmtu7oVYom/_N_T_/layout"},"path":{"S":"HGU6C525xRYVmtu7oVYom/_not-found"},"revalidatedAt":{"N":"1719870053834"}},{"tag":{"S":"HGU6C525xRYVmtu7oVYom/_N_T_/_not-found/layout"},"path":{"S":"HGU6C525xRYVmtu7oVYom/_not-found"},"revalidatedAt":{"N":"1719870053834"}},{"tag":{"S":"HGU6C525xRYVmtu7oVYom/_N_T_/_not-found/page"},"path":{"S":"HGU6C525xRYVmtu7oVYom/_not-found"},"revalidatedAt":{"N":"1719870053834"}},{"tag":{"S":"HGU6C525xRYVmtu7oVYom/_N_T_/_not-found"},"path":{"S":"HGU6C525xRYVmtu7oVYom/_not-found"},"revalidatedAt":{"N":"1719870053834"}},{"tag":{"S":"HGU6C525xRYVmtu7oVYom/_N_T_/layout"},"path":{"S":"HGU6C525xRYVmtu7oVYom/favicon.ico"},"revalidatedAt":{"N":"1719870053834"}},{"tag":{"S":"HGU6C525xRYVmtu7oVYom/_N_T_/favicon.ico/layout"},"path":{"S":"HGU6C525xRYVmtu7oVYom/favicon.ico"},"revalidatedAt":{"N":"1719870053834"}},{"tag":{"S":"HGU6C525xRYVmtu7oVYom/_N_T_/favicon.ico/route"},"path":{"S":"HGU6C525xRYVmtu7oVYom/favicon.ico"},"revalidatedAt":{"N":"1719870053834"}},{"tag":{"S":"HGU6C525xRYVmtu7oVYom/_N_T_/favicon.ico"},"path":{"S":"HGU6C525xRYVmtu7oVYom/favicon.ico"},"revalidatedAt":{"N":"1719870053834"}},{"tag":{"S":"HGU6C525xRYVmtu7oVYom/_N_T_/layout"},"path":{"S":"HGU6C525xRYVmtu7oVYom/index"},"revalidatedAt":{"N":"1719870053834"}},{"tag":{"S":"HGU6C525xRYVmtu7oVYom/_N_T_/page"},"path":{"S":"HGU6C525xRYVmtu7oVYom/index"},"revalidatedAt":{"N":"1719870053834"}},{"tag":{"S":"HGU6C525xRYVmtu7oVYom/_N_T_/"},"path":{"S":"HGU6C525xRYVmtu7oVYom/index"},"revalidatedAt":{"N":"1719870053834"}},{"tag":{"S":"HGU6C525xRYVmtu7oVYom/_N_T_/layout"},"path":{"S":"HGU6C525xRYVmtu7oVYom/privacy"},"revalidatedAt":{"N":"1719870053834"}},{"tag":{"S":"HGU6C525xRYVmtu7oVYom/_N_T_/privacy/layout"},"path":{"S":"HGU6C525xRYVmtu7oVYom/privacy"},"revalidatedAt":{"N":"1719870053834"}},{"tag":{"S":"HGU6C525xRYVmtu7oVYom/_N_T_/privacy/page"},"path":{"S":"HGU6C525xRYVmtu7oVYom/privacy"},"revalidatedAt":{"N":"1719870053834"}},{"tag":{"S":"HGU6C525xRYVmtu7oVYom/_N_T_/privacy"},"path":{"S":"HGU6C525xRYVmtu7oVYom/privacy"},"revalidatedAt":{"N":"1719870053834"}}]