[{"tag":{"S":"UDe4XI-yT259QH8o0MwET/_N_T_/layout"},"path":{"S":"UDe4XI-yT259QH8o0MwET/_not-found"},"revalidatedAt":{"N":"1717863599624"}},{"tag":{"S":"UDe4XI-yT259QH8o0MwET/_N_T_/_not-found/layout"},"path":{"S":"UDe4XI-yT259QH8o0MwET/_not-found"},"revalidatedAt":{"N":"1717863599624"}},{"tag":{"S":"UDe4XI-yT259QH8o0MwET/_N_T_/_not-found/page"},"path":{"S":"UDe4XI-yT259QH8o0MwET/_not-found"},"revalidatedAt":{"N":"1717863599624"}},{"tag":{"S":"UDe4XI-yT259QH8o0MwET/_N_T_/_not-found"},"path":{"S":"UDe4XI-yT259QH8o0MwET/_not-found"},"revalidatedAt":{"N":"1717863599624"}},{"tag":{"S":"UDe4XI-yT259QH8o0MwET/_N_T_/layout"},"path":{"S":"UDe4XI-yT259QH8o0MwET/about"},"revalidatedAt":{"N":"1717863599624"}},{"tag":{"S":"UDe4XI-yT259QH8o0MwET/_N_T_/about/layout"},"path":{"S":"UDe4XI-yT259QH8o0MwET/about"},"revalidatedAt":{"N":"1717863599624"}},{"tag":{"S":"UDe4XI-yT259QH8o0MwET/_N_T_/about/page"},"path":{"S":"UDe4XI-yT259QH8o0MwET/about"},"revalidatedAt":{"N":"1717863599624"}},{"tag":{"S":"UDe4XI-yT259QH8o0MwET/_N_T_/about"},"path":{"S":"UDe4XI-yT259QH8o0MwET/about"},"revalidatedAt":{"N":"1717863599625"}},{"tag":{"S":"UDe4XI-yT259QH8o0MwET/_N_T_/layout"},"path":{"S":"UDe4XI-yT259QH8o0MwET/favicon.ico"},"revalidatedAt":{"N":"1717863599625"}},{"tag":{"S":"UDe4XI-yT259QH8o0MwET/_N_T_/favicon.ico/layout"},"path":{"S":"UDe4XI-yT259QH8o0MwET/favicon.ico"},"revalidatedAt":{"N":"1717863599625"}},{"tag":{"S":"UDe4XI-yT259QH8o0MwET/_N_T_/favicon.ico/route"},"path":{"S":"UDe4XI-yT259QH8o0MwET/favicon.ico"},"revalidatedAt":{"N":"1717863599625"}},{"tag":{"S":"UDe4XI-yT259QH8o0MwET/_N_T_/favicon.ico"},"path":{"S":"UDe4XI-yT259QH8o0MwET/favicon.ico"},"revalidatedAt":{"N":"1717863599625"}},{"tag":{"S":"UDe4XI-yT259QH8o0MwET/_N_T_/layout"},"path":{"S":"UDe4XI-yT259QH8o0MwET/index"},"revalidatedAt":{"N":"1717863599625"}},{"tag":{"S":"UDe4XI-yT259QH8o0MwET/_N_T_/page"},"path":{"S":"UDe4XI-yT259QH8o0MwET/index"},"revalidatedAt":{"N":"1717863599625"}},{"tag":{"S":"UDe4XI-yT259QH8o0MwET/_N_T_/"},"path":{"S":"UDe4XI-yT259QH8o0MwET/index"},"revalidatedAt":{"N":"1717863599625"}},{"tag":{"S":"UDe4XI-yT259QH8o0MwET/_N_T_/layout"},"path":{"S":"UDe4XI-yT259QH8o0MwET/privacy"},"revalidatedAt":{"N":"1717863599625"}},{"tag":{"S":"UDe4XI-yT259QH8o0MwET/_N_T_/privacy/layout"},"path":{"S":"UDe4XI-yT259QH8o0MwET/privacy"},"revalidatedAt":{"N":"1717863599625"}},{"tag":{"S":"UDe4XI-yT259QH8o0MwET/_N_T_/privacy/page"},"path":{"S":"UDe4XI-yT259QH8o0MwET/privacy"},"revalidatedAt":{"N":"1717863599625"}},{"tag":{"S":"UDe4XI-yT259QH8o0MwET/_N_T_/privacy"},"path":{"S":"UDe4XI-yT259QH8o0MwET/privacy"},"revalidatedAt":{"N":"1717863599625"}},{"tag":{"S":"UDe4XI-yT259QH8o0MwET/_N_T_/layout"},"path":{"S":"UDe4XI-yT259QH8o0MwET/terms"},"revalidatedAt":{"N":"1717863599626"}},{"tag":{"S":"UDe4XI-yT259QH8o0MwET/_N_T_/terms/layout"},"path":{"S":"UDe4XI-yT259QH8o0MwET/terms"},"revalidatedAt":{"N":"1717863599626"}},{"tag":{"S":"UDe4XI-yT259QH8o0MwET/_N_T_/terms/page"},"path":{"S":"UDe4XI-yT259QH8o0MwET/terms"},"revalidatedAt":{"N":"1717863599626"}},{"tag":{"S":"UDe4XI-yT259QH8o0MwET/_N_T_/terms"},"path":{"S":"UDe4XI-yT259QH8o0MwET/terms"},"revalidatedAt":{"N":"1717863599626"}}]