[{"tag":{"S":"64q9LClKFHAPS_iJqNX1v/_N_T_/layout"},"path":{"S":"64q9LClKFHAPS_iJqNX1v/_not-found"},"revalidatedAt":{"N":"1717862038392"}},{"tag":{"S":"64q9LClKFHAPS_iJqNX1v/_N_T_/_not-found/layout"},"path":{"S":"64q9LClKFHAPS_iJqNX1v/_not-found"},"revalidatedAt":{"N":"1717862038392"}},{"tag":{"S":"64q9LClKFHAPS_iJqNX1v/_N_T_/_not-found/page"},"path":{"S":"64q9LClKFHAPS_iJqNX1v/_not-found"},"revalidatedAt":{"N":"1717862038392"}},{"tag":{"S":"64q9LClKFHAPS_iJqNX1v/_N_T_/_not-found"},"path":{"S":"64q9LClKFHAPS_iJqNX1v/_not-found"},"revalidatedAt":{"N":"1717862038392"}},{"tag":{"S":"64q9LClKFHAPS_iJqNX1v/_N_T_/layout"},"path":{"S":"64q9LClKFHAPS_iJqNX1v/about"},"revalidatedAt":{"N":"1717862038393"}},{"tag":{"S":"64q9LClKFHAPS_iJqNX1v/_N_T_/about/layout"},"path":{"S":"64q9LClKFHAPS_iJqNX1v/about"},"revalidatedAt":{"N":"1717862038393"}},{"tag":{"S":"64q9LClKFHAPS_iJqNX1v/_N_T_/about/page"},"path":{"S":"64q9LClKFHAPS_iJqNX1v/about"},"revalidatedAt":{"N":"1717862038393"}},{"tag":{"S":"64q9LClKFHAPS_iJqNX1v/_N_T_/about"},"path":{"S":"64q9LClKFHAPS_iJqNX1v/about"},"revalidatedAt":{"N":"1717862038393"}},{"tag":{"S":"64q9LClKFHAPS_iJqNX1v/_N_T_/layout"},"path":{"S":"64q9LClKFHAPS_iJqNX1v/favicon.ico"},"revalidatedAt":{"N":"1717862038393"}},{"tag":{"S":"64q9LClKFHAPS_iJqNX1v/_N_T_/favicon.ico/layout"},"path":{"S":"64q9LClKFHAPS_iJqNX1v/favicon.ico"},"revalidatedAt":{"N":"1717862038393"}},{"tag":{"S":"64q9LClKFHAPS_iJqNX1v/_N_T_/favicon.ico/route"},"path":{"S":"64q9LClKFHAPS_iJqNX1v/favicon.ico"},"revalidatedAt":{"N":"1717862038393"}},{"tag":{"S":"64q9LClKFHAPS_iJqNX1v/_N_T_/favicon.ico"},"path":{"S":"64q9LClKFHAPS_iJqNX1v/favicon.ico"},"revalidatedAt":{"N":"1717862038393"}},{"tag":{"S":"64q9LClKFHAPS_iJqNX1v/_N_T_/layout"},"path":{"S":"64q9LClKFHAPS_iJqNX1v/index"},"revalidatedAt":{"N":"1717862038393"}},{"tag":{"S":"64q9LClKFHAPS_iJqNX1v/_N_T_/page"},"path":{"S":"64q9LClKFHAPS_iJqNX1v/index"},"revalidatedAt":{"N":"1717862038393"}},{"tag":{"S":"64q9LClKFHAPS_iJqNX1v/_N_T_/"},"path":{"S":"64q9LClKFHAPS_iJqNX1v/index"},"revalidatedAt":{"N":"1717862038393"}},{"tag":{"S":"64q9LClKFHAPS_iJqNX1v/_N_T_/layout"},"path":{"S":"64q9LClKFHAPS_iJqNX1v/privacy"},"revalidatedAt":{"N":"1717862038393"}},{"tag":{"S":"64q9LClKFHAPS_iJqNX1v/_N_T_/privacy/layout"},"path":{"S":"64q9LClKFHAPS_iJqNX1v/privacy"},"revalidatedAt":{"N":"1717862038393"}},{"tag":{"S":"64q9LClKFHAPS_iJqNX1v/_N_T_/privacy/page"},"path":{"S":"64q9LClKFHAPS_iJqNX1v/privacy"},"revalidatedAt":{"N":"1717862038393"}},{"tag":{"S":"64q9LClKFHAPS_iJqNX1v/_N_T_/privacy"},"path":{"S":"64q9LClKFHAPS_iJqNX1v/privacy"},"revalidatedAt":{"N":"1717862038393"}},{"tag":{"S":"64q9LClKFHAPS_iJqNX1v/_N_T_/layout"},"path":{"S":"64q9LClKFHAPS_iJqNX1v/terms"},"revalidatedAt":{"N":"1717862038393"}},{"tag":{"S":"64q9LClKFHAPS_iJqNX1v/_N_T_/terms/layout"},"path":{"S":"64q9LClKFHAPS_iJqNX1v/terms"},"revalidatedAt":{"N":"1717862038393"}},{"tag":{"S":"64q9LClKFHAPS_iJqNX1v/_N_T_/terms/page"},"path":{"S":"64q9LClKFHAPS_iJqNX1v/terms"},"revalidatedAt":{"N":"1717862038393"}},{"tag":{"S":"64q9LClKFHAPS_iJqNX1v/_N_T_/terms"},"path":{"S":"64q9LClKFHAPS_iJqNX1v/terms"},"revalidatedAt":{"N":"1717862038393"}}]