[{"tag":{"S":"3iKdBgs23V5nLkGXzykoC/_N_T_/layout"},"path":{"S":"3iKdBgs23V5nLkGXzykoC/_not-found"},"revalidatedAt":{"N":"1719860645658"}},{"tag":{"S":"3iKdBgs23V5nLkGXzykoC/_N_T_/_not-found/layout"},"path":{"S":"3iKdBgs23V5nLkGXzykoC/_not-found"},"revalidatedAt":{"N":"1719860645658"}},{"tag":{"S":"3iKdBgs23V5nLkGXzykoC/_N_T_/_not-found/page"},"path":{"S":"3iKdBgs23V5nLkGXzykoC/_not-found"},"revalidatedAt":{"N":"1719860645658"}},{"tag":{"S":"3iKdBgs23V5nLkGXzykoC/_N_T_/_not-found"},"path":{"S":"3iKdBgs23V5nLkGXzykoC/_not-found"},"revalidatedAt":{"N":"1719860645658"}},{"tag":{"S":"3iKdBgs23V5nLkGXzykoC/_N_T_/layout"},"path":{"S":"3iKdBgs23V5nLkGXzykoC/favicon.ico"},"revalidatedAt":{"N":"1719860645659"}},{"tag":{"S":"3iKdBgs23V5nLkGXzykoC/_N_T_/favicon.ico/layout"},"path":{"S":"3iKdBgs23V5nLkGXzykoC/favicon.ico"},"revalidatedAt":{"N":"1719860645659"}},{"tag":{"S":"3iKdBgs23V5nLkGXzykoC/_N_T_/favicon.ico/route"},"path":{"S":"3iKdBgs23V5nLkGXzykoC/favicon.ico"},"revalidatedAt":{"N":"1719860645659"}},{"tag":{"S":"3iKdBgs23V5nLkGXzykoC/_N_T_/favicon.ico"},"path":{"S":"3iKdBgs23V5nLkGXzykoC/favicon.ico"},"revalidatedAt":{"N":"1719860645659"}},{"tag":{"S":"3iKdBgs23V5nLkGXzykoC/_N_T_/layout"},"path":{"S":"3iKdBgs23V5nLkGXzykoC/index"},"revalidatedAt":{"N":"1719860645659"}},{"tag":{"S":"3iKdBgs23V5nLkGXzykoC/_N_T_/page"},"path":{"S":"3iKdBgs23V5nLkGXzykoC/index"},"revalidatedAt":{"N":"1719860645659"}},{"tag":{"S":"3iKdBgs23V5nLkGXzykoC/_N_T_/"},"path":{"S":"3iKdBgs23V5nLkGXzykoC/index"},"revalidatedAt":{"N":"1719860645659"}},{"tag":{"S":"3iKdBgs23V5nLkGXzykoC/_N_T_/layout"},"path":{"S":"3iKdBgs23V5nLkGXzykoC/privacy"},"revalidatedAt":{"N":"1719860645659"}},{"tag":{"S":"3iKdBgs23V5nLkGXzykoC/_N_T_/privacy/layout"},"path":{"S":"3iKdBgs23V5nLkGXzykoC/privacy"},"revalidatedAt":{"N":"1719860645659"}},{"tag":{"S":"3iKdBgs23V5nLkGXzykoC/_N_T_/privacy/page"},"path":{"S":"3iKdBgs23V5nLkGXzykoC/privacy"},"revalidatedAt":{"N":"1719860645659"}},{"tag":{"S":"3iKdBgs23V5nLkGXzykoC/_N_T_/privacy"},"path":{"S":"3iKdBgs23V5nLkGXzykoC/privacy"},"revalidatedAt":{"N":"1719860645659"}},{"tag":{"S":"3iKdBgs23V5nLkGXzykoC/_N_T_/layout"},"path":{"S":"3iKdBgs23V5nLkGXzykoC/terms"},"revalidatedAt":{"N":"1719860645659"}},{"tag":{"S":"3iKdBgs23V5nLkGXzykoC/_N_T_/terms/layout"},"path":{"S":"3iKdBgs23V5nLkGXzykoC/terms"},"revalidatedAt":{"N":"1719860645659"}},{"tag":{"S":"3iKdBgs23V5nLkGXzykoC/_N_T_/terms/page"},"path":{"S":"3iKdBgs23V5nLkGXzykoC/terms"},"revalidatedAt":{"N":"1719860645659"}},{"tag":{"S":"3iKdBgs23V5nLkGXzykoC/_N_T_/terms"},"path":{"S":"3iKdBgs23V5nLkGXzykoC/terms"},"revalidatedAt":{"N":"1719860645659"}}]