[{"tag":{"S":"byF8HusEJy_aGPrro1jKB/_N_T_/layout"},"path":{"S":"byF8HusEJy_aGPrro1jKB/_not-found"},"revalidatedAt":{"N":"1719865639735"}},{"tag":{"S":"byF8HusEJy_aGPrro1jKB/_N_T_/_not-found/layout"},"path":{"S":"byF8HusEJy_aGPrro1jKB/_not-found"},"revalidatedAt":{"N":"1719865639735"}},{"tag":{"S":"byF8HusEJy_aGPrro1jKB/_N_T_/_not-found/page"},"path":{"S":"byF8HusEJy_aGPrro1jKB/_not-found"},"revalidatedAt":{"N":"1719865639735"}},{"tag":{"S":"byF8HusEJy_aGPrro1jKB/_N_T_/_not-found"},"path":{"S":"byF8HusEJy_aGPrro1jKB/_not-found"},"revalidatedAt":{"N":"1719865639735"}},{"tag":{"S":"byF8HusEJy_aGPrro1jKB/_N_T_/layout"},"path":{"S":"byF8HusEJy_aGPrro1jKB/favicon.ico"},"revalidatedAt":{"N":"1719865639735"}},{"tag":{"S":"byF8HusEJy_aGPrro1jKB/_N_T_/favicon.ico/layout"},"path":{"S":"byF8HusEJy_aGPrro1jKB/favicon.ico"},"revalidatedAt":{"N":"1719865639735"}},{"tag":{"S":"byF8HusEJy_aGPrro1jKB/_N_T_/favicon.ico/route"},"path":{"S":"byF8HusEJy_aGPrro1jKB/favicon.ico"},"revalidatedAt":{"N":"1719865639735"}},{"tag":{"S":"byF8HusEJy_aGPrro1jKB/_N_T_/favicon.ico"},"path":{"S":"byF8HusEJy_aGPrro1jKB/favicon.ico"},"revalidatedAt":{"N":"1719865639735"}},{"tag":{"S":"byF8HusEJy_aGPrro1jKB/_N_T_/layout"},"path":{"S":"byF8HusEJy_aGPrro1jKB/index"},"revalidatedAt":{"N":"1719865639735"}},{"tag":{"S":"byF8HusEJy_aGPrro1jKB/_N_T_/page"},"path":{"S":"byF8HusEJy_aGPrro1jKB/index"},"revalidatedAt":{"N":"1719865639736"}},{"tag":{"S":"byF8HusEJy_aGPrro1jKB/_N_T_/"},"path":{"S":"byF8HusEJy_aGPrro1jKB/index"},"revalidatedAt":{"N":"1719865639736"}},{"tag":{"S":"byF8HusEJy_aGPrro1jKB/_N_T_/layout"},"path":{"S":"byF8HusEJy_aGPrro1jKB/privacy"},"revalidatedAt":{"N":"1719865639736"}},{"tag":{"S":"byF8HusEJy_aGPrro1jKB/_N_T_/privacy/layout"},"path":{"S":"byF8HusEJy_aGPrro1jKB/privacy"},"revalidatedAt":{"N":"1719865639736"}},{"tag":{"S":"byF8HusEJy_aGPrro1jKB/_N_T_/privacy/page"},"path":{"S":"byF8HusEJy_aGPrro1jKB/privacy"},"revalidatedAt":{"N":"1719865639736"}},{"tag":{"S":"byF8HusEJy_aGPrro1jKB/_N_T_/privacy"},"path":{"S":"byF8HusEJy_aGPrro1jKB/privacy"},"revalidatedAt":{"N":"1719865639736"}}]