[{"tag":{"S":"bV4HK1qn64tS1Rfgfink3/_N_T_/layout"},"path":{"S":"bV4HK1qn64tS1Rfgfink3/_not-found"},"revalidatedAt":{"N":"1717633811741"}},{"tag":{"S":"bV4HK1qn64tS1Rfgfink3/_N_T_/_not-found/layout"},"path":{"S":"bV4HK1qn64tS1Rfgfink3/_not-found"},"revalidatedAt":{"N":"1717633811741"}},{"tag":{"S":"bV4HK1qn64tS1Rfgfink3/_N_T_/_not-found/page"},"path":{"S":"bV4HK1qn64tS1Rfgfink3/_not-found"},"revalidatedAt":{"N":"1717633811741"}},{"tag":{"S":"bV4HK1qn64tS1Rfgfink3/_N_T_/_not-found"},"path":{"S":"bV4HK1qn64tS1Rfgfink3/_not-found"},"revalidatedAt":{"N":"1717633811741"}},{"tag":{"S":"bV4HK1qn64tS1Rfgfink3/_N_T_/layout"},"path":{"S":"bV4HK1qn64tS1Rfgfink3/about"},"revalidatedAt":{"N":"1717633811741"}},{"tag":{"S":"bV4HK1qn64tS1Rfgfink3/_N_T_/about/layout"},"path":{"S":"bV4HK1qn64tS1Rfgfink3/about"},"revalidatedAt":{"N":"1717633811741"}},{"tag":{"S":"bV4HK1qn64tS1Rfgfink3/_N_T_/about/page"},"path":{"S":"bV4HK1qn64tS1Rfgfink3/about"},"revalidatedAt":{"N":"1717633811741"}},{"tag":{"S":"bV4HK1qn64tS1Rfgfink3/_N_T_/about"},"path":{"S":"bV4HK1qn64tS1Rfgfink3/about"},"revalidatedAt":{"N":"1717633811742"}},{"tag":{"S":"bV4HK1qn64tS1Rfgfink3/_N_T_/layout"},"path":{"S":"bV4HK1qn64tS1Rfgfink3/favicon.ico"},"revalidatedAt":{"N":"1717633811742"}},{"tag":{"S":"bV4HK1qn64tS1Rfgfink3/_N_T_/favicon.ico/layout"},"path":{"S":"bV4HK1qn64tS1Rfgfink3/favicon.ico"},"revalidatedAt":{"N":"1717633811742"}},{"tag":{"S":"bV4HK1qn64tS1Rfgfink3/_N_T_/favicon.ico/route"},"path":{"S":"bV4HK1qn64tS1Rfgfink3/favicon.ico"},"revalidatedAt":{"N":"1717633811742"}},{"tag":{"S":"bV4HK1qn64tS1Rfgfink3/_N_T_/favicon.ico"},"path":{"S":"bV4HK1qn64tS1Rfgfink3/favicon.ico"},"revalidatedAt":{"N":"1717633811742"}},{"tag":{"S":"bV4HK1qn64tS1Rfgfink3/_N_T_/layout"},"path":{"S":"bV4HK1qn64tS1Rfgfink3/index"},"revalidatedAt":{"N":"1717633811742"}},{"tag":{"S":"bV4HK1qn64tS1Rfgfink3/_N_T_/page"},"path":{"S":"bV4HK1qn64tS1Rfgfink3/index"},"revalidatedAt":{"N":"1717633811742"}},{"tag":{"S":"bV4HK1qn64tS1Rfgfink3/_N_T_/"},"path":{"S":"bV4HK1qn64tS1Rfgfink3/index"},"revalidatedAt":{"N":"1717633811742"}},{"tag":{"S":"bV4HK1qn64tS1Rfgfink3/_N_T_/layout"},"path":{"S":"bV4HK1qn64tS1Rfgfink3/privacy"},"revalidatedAt":{"N":"1717633811742"}},{"tag":{"S":"bV4HK1qn64tS1Rfgfink3/_N_T_/privacy/layout"},"path":{"S":"bV4HK1qn64tS1Rfgfink3/privacy"},"revalidatedAt":{"N":"1717633811742"}},{"tag":{"S":"bV4HK1qn64tS1Rfgfink3/_N_T_/privacy/page"},"path":{"S":"bV4HK1qn64tS1Rfgfink3/privacy"},"revalidatedAt":{"N":"1717633811742"}},{"tag":{"S":"bV4HK1qn64tS1Rfgfink3/_N_T_/privacy"},"path":{"S":"bV4HK1qn64tS1Rfgfink3/privacy"},"revalidatedAt":{"N":"1717633811742"}},{"tag":{"S":"bV4HK1qn64tS1Rfgfink3/_N_T_/layout"},"path":{"S":"bV4HK1qn64tS1Rfgfink3/terms"},"revalidatedAt":{"N":"1717633811742"}},{"tag":{"S":"bV4HK1qn64tS1Rfgfink3/_N_T_/terms/layout"},"path":{"S":"bV4HK1qn64tS1Rfgfink3/terms"},"revalidatedAt":{"N":"1717633811742"}},{"tag":{"S":"bV4HK1qn64tS1Rfgfink3/_N_T_/terms/page"},"path":{"S":"bV4HK1qn64tS1Rfgfink3/terms"},"revalidatedAt":{"N":"1717633811742"}},{"tag":{"S":"bV4HK1qn64tS1Rfgfink3/_N_T_/terms"},"path":{"S":"bV4HK1qn64tS1Rfgfink3/terms"},"revalidatedAt":{"N":"1717633811742"}}]