[{"tag":{"S":"qbFl69846qQxDbldMdche/_N_T_/layout"},"path":{"S":"qbFl69846qQxDbldMdche/_not-found"},"revalidatedAt":{"N":"1719884386031"}},{"tag":{"S":"qbFl69846qQxDbldMdche/_N_T_/_not-found/layout"},"path":{"S":"qbFl69846qQxDbldMdche/_not-found"},"revalidatedAt":{"N":"1719884386031"}},{"tag":{"S":"qbFl69846qQxDbldMdche/_N_T_/_not-found/page"},"path":{"S":"qbFl69846qQxDbldMdche/_not-found"},"revalidatedAt":{"N":"1719884386031"}},{"tag":{"S":"qbFl69846qQxDbldMdche/_N_T_/_not-found"},"path":{"S":"qbFl69846qQxDbldMdche/_not-found"},"revalidatedAt":{"N":"1719884386031"}},{"tag":{"S":"qbFl69846qQxDbldMdche/_N_T_/layout"},"path":{"S":"qbFl69846qQxDbldMdche/favicon.ico"},"revalidatedAt":{"N":"1719884386031"}},{"tag":{"S":"qbFl69846qQxDbldMdche/_N_T_/favicon.ico/layout"},"path":{"S":"qbFl69846qQxDbldMdche/favicon.ico"},"revalidatedAt":{"N":"1719884386031"}},{"tag":{"S":"qbFl69846qQxDbldMdche/_N_T_/favicon.ico/route"},"path":{"S":"qbFl69846qQxDbldMdche/favicon.ico"},"revalidatedAt":{"N":"1719884386031"}},{"tag":{"S":"qbFl69846qQxDbldMdche/_N_T_/favicon.ico"},"path":{"S":"qbFl69846qQxDbldMdche/favicon.ico"},"revalidatedAt":{"N":"1719884386031"}},{"tag":{"S":"qbFl69846qQxDbldMdche/_N_T_/layout"},"path":{"S":"qbFl69846qQxDbldMdche/index"},"revalidatedAt":{"N":"1719884386031"}},{"tag":{"S":"qbFl69846qQxDbldMdche/_N_T_/page"},"path":{"S":"qbFl69846qQxDbldMdche/index"},"revalidatedAt":{"N":"1719884386031"}},{"tag":{"S":"qbFl69846qQxDbldMdche/_N_T_/"},"path":{"S":"qbFl69846qQxDbldMdche/index"},"revalidatedAt":{"N":"1719884386031"}},{"tag":{"S":"qbFl69846qQxDbldMdche/_N_T_/layout"},"path":{"S":"qbFl69846qQxDbldMdche/privacy"},"revalidatedAt":{"N":"1719884386031"}},{"tag":{"S":"qbFl69846qQxDbldMdche/_N_T_/privacy/layout"},"path":{"S":"qbFl69846qQxDbldMdche/privacy"},"revalidatedAt":{"N":"1719884386031"}},{"tag":{"S":"qbFl69846qQxDbldMdche/_N_T_/privacy/page"},"path":{"S":"qbFl69846qQxDbldMdche/privacy"},"revalidatedAt":{"N":"1719884386031"}},{"tag":{"S":"qbFl69846qQxDbldMdche/_N_T_/privacy"},"path":{"S":"qbFl69846qQxDbldMdche/privacy"},"revalidatedAt":{"N":"1719884386031"}},{"tag":{"S":"qbFl69846qQxDbldMdche/_N_T_/layout"},"path":{"S":"qbFl69846qQxDbldMdche/services/3d-reconstructions"},"revalidatedAt":{"N":"1719884386031"}},{"tag":{"S":"qbFl69846qQxDbldMdche/_N_T_/services/layout"},"path":{"S":"qbFl69846qQxDbldMdche/services/3d-reconstructions"},"revalidatedAt":{"N":"1719884386031"}},{"tag":{"S":"qbFl69846qQxDbldMdche/_N_T_/services/3d-reconstructions/layout"},"path":{"S":"qbFl69846qQxDbldMdche/services/3d-reconstructions"},"revalidatedAt":{"N":"1719884386031"}},{"tag":{"S":"qbFl69846qQxDbldMdche/_N_T_/services/3d-reconstructions/page"},"path":{"S":"qbFl69846qQxDbldMdche/services/3d-reconstructions"},"revalidatedAt":{"N":"1719884386032"}},{"tag":{"S":"qbFl69846qQxDbldMdche/_N_T_/services/3d-reconstructions"},"path":{"S":"qbFl69846qQxDbldMdche/services/3d-reconstructions"},"revalidatedAt":{"N":"1719884386032"}},{"tag":{"S":"qbFl69846qQxDbldMdche/_N_T_/layout"},"path":{"S":"qbFl69846qQxDbldMdche/services/augmented-reality"},"revalidatedAt":{"N":"1719884386032"}},{"tag":{"S":"qbFl69846qQxDbldMdche/_N_T_/services/layout"},"path":{"S":"qbFl69846qQxDbldMdche/services/augmented-reality"},"revalidatedAt":{"N":"1719884386032"}},{"tag":{"S":"qbFl69846qQxDbldMdche/_N_T_/services/augmented-reality/layout"},"path":{"S":"qbFl69846qQxDbldMdche/services/augmented-reality"},"revalidatedAt":{"N":"1719884386032"}},{"tag":{"S":"qbFl69846qQxDbldMdche/_N_T_/services/augmented-reality/page"},"path":{"S":"qbFl69846qQxDbldMdche/services/augmented-reality"},"revalidatedAt":{"N":"1719884386032"}},{"tag":{"S":"qbFl69846qQxDbldMdche/_N_T_/services/augmented-reality"},"path":{"S":"qbFl69846qQxDbldMdche/services/augmented-reality"},"revalidatedAt":{"N":"1719884386032"}},{"tag":{"S":"qbFl69846qQxDbldMdche/_N_T_/layout"},"path":{"S":"qbFl69846qQxDbldMdche/services/flythroughs"},"revalidatedAt":{"N":"1719884386032"}},{"tag":{"S":"qbFl69846qQxDbldMdche/_N_T_/services/layout"},"path":{"S":"qbFl69846qQxDbldMdche/services/flythroughs"},"revalidatedAt":{"N":"1719884386032"}},{"tag":{"S":"qbFl69846qQxDbldMdche/_N_T_/services/flythroughs/layout"},"path":{"S":"qbFl69846qQxDbldMdche/services/flythroughs"},"revalidatedAt":{"N":"1719884386032"}},{"tag":{"S":"qbFl69846qQxDbldMdche/_N_T_/services/flythroughs/page"},"path":{"S":"qbFl69846qQxDbldMdche/services/flythroughs"},"revalidatedAt":{"N":"1719884386032"}},{"tag":{"S":"qbFl69846qQxDbldMdche/_N_T_/services/flythroughs"},"path":{"S":"qbFl69846qQxDbldMdche/services/flythroughs"},"revalidatedAt":{"N":"1719884386032"}},{"tag":{"S":"qbFl69846qQxDbldMdche/_N_T_/layout"},"path":{"S":"qbFl69846qQxDbldMdche/services/lidar-scans"},"revalidatedAt":{"N":"1719884386032"}},{"tag":{"S":"qbFl69846qQxDbldMdche/_N_T_/services/layout"},"path":{"S":"qbFl69846qQxDbldMdche/services/lidar-scans"},"revalidatedAt":{"N":"1719884386032"}},{"tag":{"S":"qbFl69846qQxDbldMdche/_N_T_/services/lidar-scans/layout"},"path":{"S":"qbFl69846qQxDbldMdche/services/lidar-scans"},"revalidatedAt":{"N":"1719884386032"}},{"tag":{"S":"qbFl69846qQxDbldMdche/_N_T_/services/lidar-scans/page"},"path":{"S":"qbFl69846qQxDbldMdche/services/lidar-scans"},"revalidatedAt":{"N":"1719884386032"}},{"tag":{"S":"qbFl69846qQxDbldMdche/_N_T_/services/lidar-scans"},"path":{"S":"qbFl69846qQxDbldMdche/services/lidar-scans"},"revalidatedAt":{"N":"1719884386032"}}]