[{"tag":{"S":"Au8xi8z3b-N0Q2DJfkzcv/_N_T_/layout"},"path":{"S":"Au8xi8z3b-N0Q2DJfkzcv/_not-found"},"revalidatedAt":{"N":"1717862705157"}},{"tag":{"S":"Au8xi8z3b-N0Q2DJfkzcv/_N_T_/_not-found/layout"},"path":{"S":"Au8xi8z3b-N0Q2DJfkzcv/_not-found"},"revalidatedAt":{"N":"1717862705157"}},{"tag":{"S":"Au8xi8z3b-N0Q2DJfkzcv/_N_T_/_not-found/page"},"path":{"S":"Au8xi8z3b-N0Q2DJfkzcv/_not-found"},"revalidatedAt":{"N":"1717862705157"}},{"tag":{"S":"Au8xi8z3b-N0Q2DJfkzcv/_N_T_/_not-found"},"path":{"S":"Au8xi8z3b-N0Q2DJfkzcv/_not-found"},"revalidatedAt":{"N":"1717862705157"}},{"tag":{"S":"Au8xi8z3b-N0Q2DJfkzcv/_N_T_/layout"},"path":{"S":"Au8xi8z3b-N0Q2DJfkzcv/about"},"revalidatedAt":{"N":"1717862705157"}},{"tag":{"S":"Au8xi8z3b-N0Q2DJfkzcv/_N_T_/about/layout"},"path":{"S":"Au8xi8z3b-N0Q2DJfkzcv/about"},"revalidatedAt":{"N":"1717862705157"}},{"tag":{"S":"Au8xi8z3b-N0Q2DJfkzcv/_N_T_/about/page"},"path":{"S":"Au8xi8z3b-N0Q2DJfkzcv/about"},"revalidatedAt":{"N":"1717862705157"}},{"tag":{"S":"Au8xi8z3b-N0Q2DJfkzcv/_N_T_/about"},"path":{"S":"Au8xi8z3b-N0Q2DJfkzcv/about"},"revalidatedAt":{"N":"1717862705157"}},{"tag":{"S":"Au8xi8z3b-N0Q2DJfkzcv/_N_T_/layout"},"path":{"S":"Au8xi8z3b-N0Q2DJfkzcv/favicon.ico"},"revalidatedAt":{"N":"1717862705158"}},{"tag":{"S":"Au8xi8z3b-N0Q2DJfkzcv/_N_T_/favicon.ico/layout"},"path":{"S":"Au8xi8z3b-N0Q2DJfkzcv/favicon.ico"},"revalidatedAt":{"N":"1717862705158"}},{"tag":{"S":"Au8xi8z3b-N0Q2DJfkzcv/_N_T_/favicon.ico/route"},"path":{"S":"Au8xi8z3b-N0Q2DJfkzcv/favicon.ico"},"revalidatedAt":{"N":"1717862705158"}},{"tag":{"S":"Au8xi8z3b-N0Q2DJfkzcv/_N_T_/favicon.ico"},"path":{"S":"Au8xi8z3b-N0Q2DJfkzcv/favicon.ico"},"revalidatedAt":{"N":"1717862705158"}},{"tag":{"S":"Au8xi8z3b-N0Q2DJfkzcv/_N_T_/layout"},"path":{"S":"Au8xi8z3b-N0Q2DJfkzcv/index"},"revalidatedAt":{"N":"1717862705158"}},{"tag":{"S":"Au8xi8z3b-N0Q2DJfkzcv/_N_T_/page"},"path":{"S":"Au8xi8z3b-N0Q2DJfkzcv/index"},"revalidatedAt":{"N":"1717862705158"}},{"tag":{"S":"Au8xi8z3b-N0Q2DJfkzcv/_N_T_/"},"path":{"S":"Au8xi8z3b-N0Q2DJfkzcv/index"},"revalidatedAt":{"N":"1717862705158"}},{"tag":{"S":"Au8xi8z3b-N0Q2DJfkzcv/_N_T_/layout"},"path":{"S":"Au8xi8z3b-N0Q2DJfkzcv/privacy"},"revalidatedAt":{"N":"1717862705158"}},{"tag":{"S":"Au8xi8z3b-N0Q2DJfkzcv/_N_T_/privacy/layout"},"path":{"S":"Au8xi8z3b-N0Q2DJfkzcv/privacy"},"revalidatedAt":{"N":"1717862705158"}},{"tag":{"S":"Au8xi8z3b-N0Q2DJfkzcv/_N_T_/privacy/page"},"path":{"S":"Au8xi8z3b-N0Q2DJfkzcv/privacy"},"revalidatedAt":{"N":"1717862705158"}},{"tag":{"S":"Au8xi8z3b-N0Q2DJfkzcv/_N_T_/privacy"},"path":{"S":"Au8xi8z3b-N0Q2DJfkzcv/privacy"},"revalidatedAt":{"N":"1717862705158"}},{"tag":{"S":"Au8xi8z3b-N0Q2DJfkzcv/_N_T_/layout"},"path":{"S":"Au8xi8z3b-N0Q2DJfkzcv/terms"},"revalidatedAt":{"N":"1717862705158"}},{"tag":{"S":"Au8xi8z3b-N0Q2DJfkzcv/_N_T_/terms/layout"},"path":{"S":"Au8xi8z3b-N0Q2DJfkzcv/terms"},"revalidatedAt":{"N":"1717862705158"}},{"tag":{"S":"Au8xi8z3b-N0Q2DJfkzcv/_N_T_/terms/page"},"path":{"S":"Au8xi8z3b-N0Q2DJfkzcv/terms"},"revalidatedAt":{"N":"1717862705158"}},{"tag":{"S":"Au8xi8z3b-N0Q2DJfkzcv/_N_T_/terms"},"path":{"S":"Au8xi8z3b-N0Q2DJfkzcv/terms"},"revalidatedAt":{"N":"1717862705158"}}]