[{"tag":{"S":"b3Dl2FlwGxyIllWDiTnsQ/_N_T_/layout"},"path":{"S":"b3Dl2FlwGxyIllWDiTnsQ/_not-found"},"revalidatedAt":{"N":"1719883341140"}},{"tag":{"S":"b3Dl2FlwGxyIllWDiTnsQ/_N_T_/_not-found/layout"},"path":{"S":"b3Dl2FlwGxyIllWDiTnsQ/_not-found"},"revalidatedAt":{"N":"1719883341140"}},{"tag":{"S":"b3Dl2FlwGxyIllWDiTnsQ/_N_T_/_not-found/page"},"path":{"S":"b3Dl2FlwGxyIllWDiTnsQ/_not-found"},"revalidatedAt":{"N":"1719883341140"}},{"tag":{"S":"b3Dl2FlwGxyIllWDiTnsQ/_N_T_/_not-found"},"path":{"S":"b3Dl2FlwGxyIllWDiTnsQ/_not-found"},"revalidatedAt":{"N":"1719883341140"}},{"tag":{"S":"b3Dl2FlwGxyIllWDiTnsQ/_N_T_/layout"},"path":{"S":"b3Dl2FlwGxyIllWDiTnsQ/favicon.ico"},"revalidatedAt":{"N":"1719883341140"}},{"tag":{"S":"b3Dl2FlwGxyIllWDiTnsQ/_N_T_/favicon.ico/layout"},"path":{"S":"b3Dl2FlwGxyIllWDiTnsQ/favicon.ico"},"revalidatedAt":{"N":"1719883341140"}},{"tag":{"S":"b3Dl2FlwGxyIllWDiTnsQ/_N_T_/favicon.ico/route"},"path":{"S":"b3Dl2FlwGxyIllWDiTnsQ/favicon.ico"},"revalidatedAt":{"N":"1719883341141"}},{"tag":{"S":"b3Dl2FlwGxyIllWDiTnsQ/_N_T_/favicon.ico"},"path":{"S":"b3Dl2FlwGxyIllWDiTnsQ/favicon.ico"},"revalidatedAt":{"N":"1719883341141"}},{"tag":{"S":"b3Dl2FlwGxyIllWDiTnsQ/_N_T_/layout"},"path":{"S":"b3Dl2FlwGxyIllWDiTnsQ/index"},"revalidatedAt":{"N":"1719883341141"}},{"tag":{"S":"b3Dl2FlwGxyIllWDiTnsQ/_N_T_/page"},"path":{"S":"b3Dl2FlwGxyIllWDiTnsQ/index"},"revalidatedAt":{"N":"1719883341141"}},{"tag":{"S":"b3Dl2FlwGxyIllWDiTnsQ/_N_T_/"},"path":{"S":"b3Dl2FlwGxyIllWDiTnsQ/index"},"revalidatedAt":{"N":"1719883341141"}},{"tag":{"S":"b3Dl2FlwGxyIllWDiTnsQ/_N_T_/layout"},"path":{"S":"b3Dl2FlwGxyIllWDiTnsQ/privacy"},"revalidatedAt":{"N":"1719883341141"}},{"tag":{"S":"b3Dl2FlwGxyIllWDiTnsQ/_N_T_/privacy/layout"},"path":{"S":"b3Dl2FlwGxyIllWDiTnsQ/privacy"},"revalidatedAt":{"N":"1719883341141"}},{"tag":{"S":"b3Dl2FlwGxyIllWDiTnsQ/_N_T_/privacy/page"},"path":{"S":"b3Dl2FlwGxyIllWDiTnsQ/privacy"},"revalidatedAt":{"N":"1719883341141"}},{"tag":{"S":"b3Dl2FlwGxyIllWDiTnsQ/_N_T_/privacy"},"path":{"S":"b3Dl2FlwGxyIllWDiTnsQ/privacy"},"revalidatedAt":{"N":"1719883341141"}},{"tag":{"S":"b3Dl2FlwGxyIllWDiTnsQ/_N_T_/layout"},"path":{"S":"b3Dl2FlwGxyIllWDiTnsQ/services/3d-reconstructions"},"revalidatedAt":{"N":"1719883341141"}},{"tag":{"S":"b3Dl2FlwGxyIllWDiTnsQ/_N_T_/services/layout"},"path":{"S":"b3Dl2FlwGxyIllWDiTnsQ/services/3d-reconstructions"},"revalidatedAt":{"N":"1719883341141"}},{"tag":{"S":"b3Dl2FlwGxyIllWDiTnsQ/_N_T_/services/3d-reconstructions/layout"},"path":{"S":"b3Dl2FlwGxyIllWDiTnsQ/services/3d-reconstructions"},"revalidatedAt":{"N":"1719883341141"}},{"tag":{"S":"b3Dl2FlwGxyIllWDiTnsQ/_N_T_/services/3d-reconstructions/page"},"path":{"S":"b3Dl2FlwGxyIllWDiTnsQ/services/3d-reconstructions"},"revalidatedAt":{"N":"1719883341141"}},{"tag":{"S":"b3Dl2FlwGxyIllWDiTnsQ/_N_T_/services/3d-reconstructions"},"path":{"S":"b3Dl2FlwGxyIllWDiTnsQ/services/3d-reconstructions"},"revalidatedAt":{"N":"1719883341141"}},{"tag":{"S":"b3Dl2FlwGxyIllWDiTnsQ/_N_T_/layout"},"path":{"S":"b3Dl2FlwGxyIllWDiTnsQ/services/augmented-reality"},"revalidatedAt":{"N":"1719883341141"}},{"tag":{"S":"b3Dl2FlwGxyIllWDiTnsQ/_N_T_/services/layout"},"path":{"S":"b3Dl2FlwGxyIllWDiTnsQ/services/augmented-reality"},"revalidatedAt":{"N":"1719883341141"}},{"tag":{"S":"b3Dl2FlwGxyIllWDiTnsQ/_N_T_/services/augmented-reality/layout"},"path":{"S":"b3Dl2FlwGxyIllWDiTnsQ/services/augmented-reality"},"revalidatedAt":{"N":"1719883341141"}},{"tag":{"S":"b3Dl2FlwGxyIllWDiTnsQ/_N_T_/services/augmented-reality/page"},"path":{"S":"b3Dl2FlwGxyIllWDiTnsQ/services/augmented-reality"},"revalidatedAt":{"N":"1719883341141"}},{"tag":{"S":"b3Dl2FlwGxyIllWDiTnsQ/_N_T_/services/augmented-reality"},"path":{"S":"b3Dl2FlwGxyIllWDiTnsQ/services/augmented-reality"},"revalidatedAt":{"N":"1719883341141"}},{"tag":{"S":"b3Dl2FlwGxyIllWDiTnsQ/_N_T_/layout"},"path":{"S":"b3Dl2FlwGxyIllWDiTnsQ/services/flythroughs"},"revalidatedAt":{"N":"1719883341142"}},{"tag":{"S":"b3Dl2FlwGxyIllWDiTnsQ/_N_T_/services/layout"},"path":{"S":"b3Dl2FlwGxyIllWDiTnsQ/services/flythroughs"},"revalidatedAt":{"N":"1719883341142"}},{"tag":{"S":"b3Dl2FlwGxyIllWDiTnsQ/_N_T_/services/flythroughs/layout"},"path":{"S":"b3Dl2FlwGxyIllWDiTnsQ/services/flythroughs"},"revalidatedAt":{"N":"1719883341142"}},{"tag":{"S":"b3Dl2FlwGxyIllWDiTnsQ/_N_T_/services/flythroughs/page"},"path":{"S":"b3Dl2FlwGxyIllWDiTnsQ/services/flythroughs"},"revalidatedAt":{"N":"1719883341142"}},{"tag":{"S":"b3Dl2FlwGxyIllWDiTnsQ/_N_T_/services/flythroughs"},"path":{"S":"b3Dl2FlwGxyIllWDiTnsQ/services/flythroughs"},"revalidatedAt":{"N":"1719883341142"}},{"tag":{"S":"b3Dl2FlwGxyIllWDiTnsQ/_N_T_/layout"},"path":{"S":"b3Dl2FlwGxyIllWDiTnsQ/services/lidar-scans"},"revalidatedAt":{"N":"1719883341142"}},{"tag":{"S":"b3Dl2FlwGxyIllWDiTnsQ/_N_T_/services/layout"},"path":{"S":"b3Dl2FlwGxyIllWDiTnsQ/services/lidar-scans"},"revalidatedAt":{"N":"1719883341142"}},{"tag":{"S":"b3Dl2FlwGxyIllWDiTnsQ/_N_T_/services/lidar-scans/layout"},"path":{"S":"b3Dl2FlwGxyIllWDiTnsQ/services/lidar-scans"},"revalidatedAt":{"N":"1719883341142"}},{"tag":{"S":"b3Dl2FlwGxyIllWDiTnsQ/_N_T_/services/lidar-scans/page"},"path":{"S":"b3Dl2FlwGxyIllWDiTnsQ/services/lidar-scans"},"revalidatedAt":{"N":"1719883341142"}},{"tag":{"S":"b3Dl2FlwGxyIllWDiTnsQ/_N_T_/services/lidar-scans"},"path":{"S":"b3Dl2FlwGxyIllWDiTnsQ/services/lidar-scans"},"revalidatedAt":{"N":"1719883341142"}}]