[{"tag":{"S":"S8bBqRNj0hTIs8abugSJl/_N_T_/layout"},"path":{"S":"S8bBqRNj0hTIs8abugSJl/_not-found"},"revalidatedAt":{"N":"1717635989529"}},{"tag":{"S":"S8bBqRNj0hTIs8abugSJl/_N_T_/_not-found/layout"},"path":{"S":"S8bBqRNj0hTIs8abugSJl/_not-found"},"revalidatedAt":{"N":"1717635989529"}},{"tag":{"S":"S8bBqRNj0hTIs8abugSJl/_N_T_/_not-found/page"},"path":{"S":"S8bBqRNj0hTIs8abugSJl/_not-found"},"revalidatedAt":{"N":"1717635989530"}},{"tag":{"S":"S8bBqRNj0hTIs8abugSJl/_N_T_/_not-found"},"path":{"S":"S8bBqRNj0hTIs8abugSJl/_not-found"},"revalidatedAt":{"N":"1717635989530"}},{"tag":{"S":"S8bBqRNj0hTIs8abugSJl/_N_T_/layout"},"path":{"S":"S8bBqRNj0hTIs8abugSJl/about"},"revalidatedAt":{"N":"1717635989530"}},{"tag":{"S":"S8bBqRNj0hTIs8abugSJl/_N_T_/about/layout"},"path":{"S":"S8bBqRNj0hTIs8abugSJl/about"},"revalidatedAt":{"N":"1717635989530"}},{"tag":{"S":"S8bBqRNj0hTIs8abugSJl/_N_T_/about/page"},"path":{"S":"S8bBqRNj0hTIs8abugSJl/about"},"revalidatedAt":{"N":"1717635989530"}},{"tag":{"S":"S8bBqRNj0hTIs8abugSJl/_N_T_/about"},"path":{"S":"S8bBqRNj0hTIs8abugSJl/about"},"revalidatedAt":{"N":"1717635989530"}},{"tag":{"S":"S8bBqRNj0hTIs8abugSJl/_N_T_/layout"},"path":{"S":"S8bBqRNj0hTIs8abugSJl/favicon.ico"},"revalidatedAt":{"N":"1717635989530"}},{"tag":{"S":"S8bBqRNj0hTIs8abugSJl/_N_T_/favicon.ico/layout"},"path":{"S":"S8bBqRNj0hTIs8abugSJl/favicon.ico"},"revalidatedAt":{"N":"1717635989530"}},{"tag":{"S":"S8bBqRNj0hTIs8abugSJl/_N_T_/favicon.ico/route"},"path":{"S":"S8bBqRNj0hTIs8abugSJl/favicon.ico"},"revalidatedAt":{"N":"1717635989530"}},{"tag":{"S":"S8bBqRNj0hTIs8abugSJl/_N_T_/favicon.ico"},"path":{"S":"S8bBqRNj0hTIs8abugSJl/favicon.ico"},"revalidatedAt":{"N":"1717635989530"}},{"tag":{"S":"S8bBqRNj0hTIs8abugSJl/_N_T_/layout"},"path":{"S":"S8bBqRNj0hTIs8abugSJl/index"},"revalidatedAt":{"N":"1717635989530"}},{"tag":{"S":"S8bBqRNj0hTIs8abugSJl/_N_T_/page"},"path":{"S":"S8bBqRNj0hTIs8abugSJl/index"},"revalidatedAt":{"N":"1717635989530"}},{"tag":{"S":"S8bBqRNj0hTIs8abugSJl/_N_T_/"},"path":{"S":"S8bBqRNj0hTIs8abugSJl/index"},"revalidatedAt":{"N":"1717635989530"}},{"tag":{"S":"S8bBqRNj0hTIs8abugSJl/_N_T_/layout"},"path":{"S":"S8bBqRNj0hTIs8abugSJl/privacy"},"revalidatedAt":{"N":"1717635989530"}},{"tag":{"S":"S8bBqRNj0hTIs8abugSJl/_N_T_/privacy/layout"},"path":{"S":"S8bBqRNj0hTIs8abugSJl/privacy"},"revalidatedAt":{"N":"1717635989530"}},{"tag":{"S":"S8bBqRNj0hTIs8abugSJl/_N_T_/privacy/page"},"path":{"S":"S8bBqRNj0hTIs8abugSJl/privacy"},"revalidatedAt":{"N":"1717635989530"}},{"tag":{"S":"S8bBqRNj0hTIs8abugSJl/_N_T_/privacy"},"path":{"S":"S8bBqRNj0hTIs8abugSJl/privacy"},"revalidatedAt":{"N":"1717635989530"}},{"tag":{"S":"S8bBqRNj0hTIs8abugSJl/_N_T_/layout"},"path":{"S":"S8bBqRNj0hTIs8abugSJl/terms"},"revalidatedAt":{"N":"1717635989530"}},{"tag":{"S":"S8bBqRNj0hTIs8abugSJl/_N_T_/terms/layout"},"path":{"S":"S8bBqRNj0hTIs8abugSJl/terms"},"revalidatedAt":{"N":"1717635989530"}},{"tag":{"S":"S8bBqRNj0hTIs8abugSJl/_N_T_/terms/page"},"path":{"S":"S8bBqRNj0hTIs8abugSJl/terms"},"revalidatedAt":{"N":"1717635989530"}},{"tag":{"S":"S8bBqRNj0hTIs8abugSJl/_N_T_/terms"},"path":{"S":"S8bBqRNj0hTIs8abugSJl/terms"},"revalidatedAt":{"N":"1717635989530"}}]