[{"tag":{"S":"wjCOCNSC9WR5rSh-xC8hl/_N_T_/layout"},"path":{"S":"wjCOCNSC9WR5rSh-xC8hl/_not-found"},"revalidatedAt":{"N":"1719882972325"}},{"tag":{"S":"wjCOCNSC9WR5rSh-xC8hl/_N_T_/_not-found/layout"},"path":{"S":"wjCOCNSC9WR5rSh-xC8hl/_not-found"},"revalidatedAt":{"N":"1719882972325"}},{"tag":{"S":"wjCOCNSC9WR5rSh-xC8hl/_N_T_/_not-found/page"},"path":{"S":"wjCOCNSC9WR5rSh-xC8hl/_not-found"},"revalidatedAt":{"N":"1719882972325"}},{"tag":{"S":"wjCOCNSC9WR5rSh-xC8hl/_N_T_/_not-found"},"path":{"S":"wjCOCNSC9WR5rSh-xC8hl/_not-found"},"revalidatedAt":{"N":"1719882972325"}},{"tag":{"S":"wjCOCNSC9WR5rSh-xC8hl/_N_T_/layout"},"path":{"S":"wjCOCNSC9WR5rSh-xC8hl/favicon.ico"},"revalidatedAt":{"N":"1719882972325"}},{"tag":{"S":"wjCOCNSC9WR5rSh-xC8hl/_N_T_/favicon.ico/layout"},"path":{"S":"wjCOCNSC9WR5rSh-xC8hl/favicon.ico"},"revalidatedAt":{"N":"1719882972325"}},{"tag":{"S":"wjCOCNSC9WR5rSh-xC8hl/_N_T_/favicon.ico/route"},"path":{"S":"wjCOCNSC9WR5rSh-xC8hl/favicon.ico"},"revalidatedAt":{"N":"1719882972325"}},{"tag":{"S":"wjCOCNSC9WR5rSh-xC8hl/_N_T_/favicon.ico"},"path":{"S":"wjCOCNSC9WR5rSh-xC8hl/favicon.ico"},"revalidatedAt":{"N":"1719882972325"}},{"tag":{"S":"wjCOCNSC9WR5rSh-xC8hl/_N_T_/layout"},"path":{"S":"wjCOCNSC9WR5rSh-xC8hl/index"},"revalidatedAt":{"N":"1719882972325"}},{"tag":{"S":"wjCOCNSC9WR5rSh-xC8hl/_N_T_/page"},"path":{"S":"wjCOCNSC9WR5rSh-xC8hl/index"},"revalidatedAt":{"N":"1719882972325"}},{"tag":{"S":"wjCOCNSC9WR5rSh-xC8hl/_N_T_/"},"path":{"S":"wjCOCNSC9WR5rSh-xC8hl/index"},"revalidatedAt":{"N":"1719882972325"}},{"tag":{"S":"wjCOCNSC9WR5rSh-xC8hl/_N_T_/layout"},"path":{"S":"wjCOCNSC9WR5rSh-xC8hl/privacy"},"revalidatedAt":{"N":"1719882972325"}},{"tag":{"S":"wjCOCNSC9WR5rSh-xC8hl/_N_T_/privacy/layout"},"path":{"S":"wjCOCNSC9WR5rSh-xC8hl/privacy"},"revalidatedAt":{"N":"1719882972325"}},{"tag":{"S":"wjCOCNSC9WR5rSh-xC8hl/_N_T_/privacy/page"},"path":{"S":"wjCOCNSC9WR5rSh-xC8hl/privacy"},"revalidatedAt":{"N":"1719882972325"}},{"tag":{"S":"wjCOCNSC9WR5rSh-xC8hl/_N_T_/privacy"},"path":{"S":"wjCOCNSC9WR5rSh-xC8hl/privacy"},"revalidatedAt":{"N":"1719882972325"}},{"tag":{"S":"wjCOCNSC9WR5rSh-xC8hl/_N_T_/layout"},"path":{"S":"wjCOCNSC9WR5rSh-xC8hl/services/3d-reconstructions"},"revalidatedAt":{"N":"1719882972325"}},{"tag":{"S":"wjCOCNSC9WR5rSh-xC8hl/_N_T_/services/layout"},"path":{"S":"wjCOCNSC9WR5rSh-xC8hl/services/3d-reconstructions"},"revalidatedAt":{"N":"1719882972325"}},{"tag":{"S":"wjCOCNSC9WR5rSh-xC8hl/_N_T_/services/3d-reconstructions/layout"},"path":{"S":"wjCOCNSC9WR5rSh-xC8hl/services/3d-reconstructions"},"revalidatedAt":{"N":"1719882972325"}},{"tag":{"S":"wjCOCNSC9WR5rSh-xC8hl/_N_T_/services/3d-reconstructions/page"},"path":{"S":"wjCOCNSC9WR5rSh-xC8hl/services/3d-reconstructions"},"revalidatedAt":{"N":"1719882972325"}},{"tag":{"S":"wjCOCNSC9WR5rSh-xC8hl/_N_T_/services/3d-reconstructions"},"path":{"S":"wjCOCNSC9WR5rSh-xC8hl/services/3d-reconstructions"},"revalidatedAt":{"N":"1719882972325"}},{"tag":{"S":"wjCOCNSC9WR5rSh-xC8hl/_N_T_/layout"},"path":{"S":"wjCOCNSC9WR5rSh-xC8hl/services/augmented-reality"},"revalidatedAt":{"N":"1719882972325"}},{"tag":{"S":"wjCOCNSC9WR5rSh-xC8hl/_N_T_/services/layout"},"path":{"S":"wjCOCNSC9WR5rSh-xC8hl/services/augmented-reality"},"revalidatedAt":{"N":"1719882972325"}},{"tag":{"S":"wjCOCNSC9WR5rSh-xC8hl/_N_T_/services/augmented-reality/layout"},"path":{"S":"wjCOCNSC9WR5rSh-xC8hl/services/augmented-reality"},"revalidatedAt":{"N":"1719882972325"}},{"tag":{"S":"wjCOCNSC9WR5rSh-xC8hl/_N_T_/services/augmented-reality/page"},"path":{"S":"wjCOCNSC9WR5rSh-xC8hl/services/augmented-reality"},"revalidatedAt":{"N":"1719882972325"}},{"tag":{"S":"wjCOCNSC9WR5rSh-xC8hl/_N_T_/services/augmented-reality"},"path":{"S":"wjCOCNSC9WR5rSh-xC8hl/services/augmented-reality"},"revalidatedAt":{"N":"1719882972325"}},{"tag":{"S":"wjCOCNSC9WR5rSh-xC8hl/_N_T_/layout"},"path":{"S":"wjCOCNSC9WR5rSh-xC8hl/services/flythroughs"},"revalidatedAt":{"N":"1719882972325"}},{"tag":{"S":"wjCOCNSC9WR5rSh-xC8hl/_N_T_/services/layout"},"path":{"S":"wjCOCNSC9WR5rSh-xC8hl/services/flythroughs"},"revalidatedAt":{"N":"1719882972325"}},{"tag":{"S":"wjCOCNSC9WR5rSh-xC8hl/_N_T_/services/flythroughs/layout"},"path":{"S":"wjCOCNSC9WR5rSh-xC8hl/services/flythroughs"},"revalidatedAt":{"N":"1719882972325"}},{"tag":{"S":"wjCOCNSC9WR5rSh-xC8hl/_N_T_/services/flythroughs/page"},"path":{"S":"wjCOCNSC9WR5rSh-xC8hl/services/flythroughs"},"revalidatedAt":{"N":"1719882972325"}},{"tag":{"S":"wjCOCNSC9WR5rSh-xC8hl/_N_T_/services/flythroughs"},"path":{"S":"wjCOCNSC9WR5rSh-xC8hl/services/flythroughs"},"revalidatedAt":{"N":"1719882972325"}},{"tag":{"S":"wjCOCNSC9WR5rSh-xC8hl/_N_T_/layout"},"path":{"S":"wjCOCNSC9WR5rSh-xC8hl/services/lidar-scans"},"revalidatedAt":{"N":"1719882972325"}},{"tag":{"S":"wjCOCNSC9WR5rSh-xC8hl/_N_T_/services/layout"},"path":{"S":"wjCOCNSC9WR5rSh-xC8hl/services/lidar-scans"},"revalidatedAt":{"N":"1719882972325"}},{"tag":{"S":"wjCOCNSC9WR5rSh-xC8hl/_N_T_/services/lidar-scans/layout"},"path":{"S":"wjCOCNSC9WR5rSh-xC8hl/services/lidar-scans"},"revalidatedAt":{"N":"1719882972325"}},{"tag":{"S":"wjCOCNSC9WR5rSh-xC8hl/_N_T_/services/lidar-scans/page"},"path":{"S":"wjCOCNSC9WR5rSh-xC8hl/services/lidar-scans"},"revalidatedAt":{"N":"1719882972325"}},{"tag":{"S":"wjCOCNSC9WR5rSh-xC8hl/_N_T_/services/lidar-scans"},"path":{"S":"wjCOCNSC9WR5rSh-xC8hl/services/lidar-scans"},"revalidatedAt":{"N":"1719882972325"}}]