[{"tag":{"S":"83Vq30QZTcsa3TOXkWNOK/_N_T_/layout"},"path":{"S":"83Vq30QZTcsa3TOXkWNOK/_not-found"},"revalidatedAt":{"N":"1717777367076"}},{"tag":{"S":"83Vq30QZTcsa3TOXkWNOK/_N_T_/_not-found/layout"},"path":{"S":"83Vq30QZTcsa3TOXkWNOK/_not-found"},"revalidatedAt":{"N":"1717777367076"}},{"tag":{"S":"83Vq30QZTcsa3TOXkWNOK/_N_T_/_not-found/page"},"path":{"S":"83Vq30QZTcsa3TOXkWNOK/_not-found"},"revalidatedAt":{"N":"1717777367076"}},{"tag":{"S":"83Vq30QZTcsa3TOXkWNOK/_N_T_/_not-found"},"path":{"S":"83Vq30QZTcsa3TOXkWNOK/_not-found"},"revalidatedAt":{"N":"1717777367076"}},{"tag":{"S":"83Vq30QZTcsa3TOXkWNOK/_N_T_/layout"},"path":{"S":"83Vq30QZTcsa3TOXkWNOK/about"},"revalidatedAt":{"N":"1717777367077"}},{"tag":{"S":"83Vq30QZTcsa3TOXkWNOK/_N_T_/about/layout"},"path":{"S":"83Vq30QZTcsa3TOXkWNOK/about"},"revalidatedAt":{"N":"1717777367077"}},{"tag":{"S":"83Vq30QZTcsa3TOXkWNOK/_N_T_/about/page"},"path":{"S":"83Vq30QZTcsa3TOXkWNOK/about"},"revalidatedAt":{"N":"1717777367077"}},{"tag":{"S":"83Vq30QZTcsa3TOXkWNOK/_N_T_/about"},"path":{"S":"83Vq30QZTcsa3TOXkWNOK/about"},"revalidatedAt":{"N":"1717777367077"}},{"tag":{"S":"83Vq30QZTcsa3TOXkWNOK/_N_T_/layout"},"path":{"S":"83Vq30QZTcsa3TOXkWNOK/favicon.ico"},"revalidatedAt":{"N":"1717777367077"}},{"tag":{"S":"83Vq30QZTcsa3TOXkWNOK/_N_T_/favicon.ico/layout"},"path":{"S":"83Vq30QZTcsa3TOXkWNOK/favicon.ico"},"revalidatedAt":{"N":"1717777367077"}},{"tag":{"S":"83Vq30QZTcsa3TOXkWNOK/_N_T_/favicon.ico/route"},"path":{"S":"83Vq30QZTcsa3TOXkWNOK/favicon.ico"},"revalidatedAt":{"N":"1717777367077"}},{"tag":{"S":"83Vq30QZTcsa3TOXkWNOK/_N_T_/favicon.ico"},"path":{"S":"83Vq30QZTcsa3TOXkWNOK/favicon.ico"},"revalidatedAt":{"N":"1717777367077"}},{"tag":{"S":"83Vq30QZTcsa3TOXkWNOK/_N_T_/layout"},"path":{"S":"83Vq30QZTcsa3TOXkWNOK/index"},"revalidatedAt":{"N":"1717777367077"}},{"tag":{"S":"83Vq30QZTcsa3TOXkWNOK/_N_T_/page"},"path":{"S":"83Vq30QZTcsa3TOXkWNOK/index"},"revalidatedAt":{"N":"1717777367077"}},{"tag":{"S":"83Vq30QZTcsa3TOXkWNOK/_N_T_/"},"path":{"S":"83Vq30QZTcsa3TOXkWNOK/index"},"revalidatedAt":{"N":"1717777367077"}},{"tag":{"S":"83Vq30QZTcsa3TOXkWNOK/_N_T_/layout"},"path":{"S":"83Vq30QZTcsa3TOXkWNOK/privacy"},"revalidatedAt":{"N":"1717777367077"}},{"tag":{"S":"83Vq30QZTcsa3TOXkWNOK/_N_T_/privacy/layout"},"path":{"S":"83Vq30QZTcsa3TOXkWNOK/privacy"},"revalidatedAt":{"N":"1717777367077"}},{"tag":{"S":"83Vq30QZTcsa3TOXkWNOK/_N_T_/privacy/page"},"path":{"S":"83Vq30QZTcsa3TOXkWNOK/privacy"},"revalidatedAt":{"N":"1717777367077"}},{"tag":{"S":"83Vq30QZTcsa3TOXkWNOK/_N_T_/privacy"},"path":{"S":"83Vq30QZTcsa3TOXkWNOK/privacy"},"revalidatedAt":{"N":"1717777367077"}},{"tag":{"S":"83Vq30QZTcsa3TOXkWNOK/_N_T_/layout"},"path":{"S":"83Vq30QZTcsa3TOXkWNOK/terms"},"revalidatedAt":{"N":"1717777367077"}},{"tag":{"S":"83Vq30QZTcsa3TOXkWNOK/_N_T_/terms/layout"},"path":{"S":"83Vq30QZTcsa3TOXkWNOK/terms"},"revalidatedAt":{"N":"1717777367077"}},{"tag":{"S":"83Vq30QZTcsa3TOXkWNOK/_N_T_/terms/page"},"path":{"S":"83Vq30QZTcsa3TOXkWNOK/terms"},"revalidatedAt":{"N":"1717777367077"}},{"tag":{"S":"83Vq30QZTcsa3TOXkWNOK/_N_T_/terms"},"path":{"S":"83Vq30QZTcsa3TOXkWNOK/terms"},"revalidatedAt":{"N":"1717777367077"}}]