[{"tag":{"S":"9LuPVtaocJK8d5u67NBZc/_N_T_/layout"},"path":{"S":"9LuPVtaocJK8d5u67NBZc/_not-found"},"revalidatedAt":{"N":"1719888612188"}},{"tag":{"S":"9LuPVtaocJK8d5u67NBZc/_N_T_/_not-found/layout"},"path":{"S":"9LuPVtaocJK8d5u67NBZc/_not-found"},"revalidatedAt":{"N":"1719888612188"}},{"tag":{"S":"9LuPVtaocJK8d5u67NBZc/_N_T_/_not-found/page"},"path":{"S":"9LuPVtaocJK8d5u67NBZc/_not-found"},"revalidatedAt":{"N":"1719888612188"}},{"tag":{"S":"9LuPVtaocJK8d5u67NBZc/_N_T_/_not-found"},"path":{"S":"9LuPVtaocJK8d5u67NBZc/_not-found"},"revalidatedAt":{"N":"1719888612188"}},{"tag":{"S":"9LuPVtaocJK8d5u67NBZc/_N_T_/layout"},"path":{"S":"9LuPVtaocJK8d5u67NBZc/favicon.ico"},"revalidatedAt":{"N":"1719888612188"}},{"tag":{"S":"9LuPVtaocJK8d5u67NBZc/_N_T_/favicon.ico/layout"},"path":{"S":"9LuPVtaocJK8d5u67NBZc/favicon.ico"},"revalidatedAt":{"N":"1719888612188"}},{"tag":{"S":"9LuPVtaocJK8d5u67NBZc/_N_T_/favicon.ico/route"},"path":{"S":"9LuPVtaocJK8d5u67NBZc/favicon.ico"},"revalidatedAt":{"N":"1719888612188"}},{"tag":{"S":"9LuPVtaocJK8d5u67NBZc/_N_T_/favicon.ico"},"path":{"S":"9LuPVtaocJK8d5u67NBZc/favicon.ico"},"revalidatedAt":{"N":"1719888612188"}},{"tag":{"S":"9LuPVtaocJK8d5u67NBZc/_N_T_/layout"},"path":{"S":"9LuPVtaocJK8d5u67NBZc/index"},"revalidatedAt":{"N":"1719888612188"}},{"tag":{"S":"9LuPVtaocJK8d5u67NBZc/_N_T_/page"},"path":{"S":"9LuPVtaocJK8d5u67NBZc/index"},"revalidatedAt":{"N":"1719888612188"}},{"tag":{"S":"9LuPVtaocJK8d5u67NBZc/_N_T_/"},"path":{"S":"9LuPVtaocJK8d5u67NBZc/index"},"revalidatedAt":{"N":"1719888612188"}},{"tag":{"S":"9LuPVtaocJK8d5u67NBZc/_N_T_/layout"},"path":{"S":"9LuPVtaocJK8d5u67NBZc/privacy"},"revalidatedAt":{"N":"1719888612188"}},{"tag":{"S":"9LuPVtaocJK8d5u67NBZc/_N_T_/privacy/layout"},"path":{"S":"9LuPVtaocJK8d5u67NBZc/privacy"},"revalidatedAt":{"N":"1719888612188"}},{"tag":{"S":"9LuPVtaocJK8d5u67NBZc/_N_T_/privacy/page"},"path":{"S":"9LuPVtaocJK8d5u67NBZc/privacy"},"revalidatedAt":{"N":"1719888612188"}},{"tag":{"S":"9LuPVtaocJK8d5u67NBZc/_N_T_/privacy"},"path":{"S":"9LuPVtaocJK8d5u67NBZc/privacy"},"revalidatedAt":{"N":"1719888612188"}},{"tag":{"S":"9LuPVtaocJK8d5u67NBZc/_N_T_/layout"},"path":{"S":"9LuPVtaocJK8d5u67NBZc/services/3d-reconstructions"},"revalidatedAt":{"N":"1719888612188"}},{"tag":{"S":"9LuPVtaocJK8d5u67NBZc/_N_T_/services/layout"},"path":{"S":"9LuPVtaocJK8d5u67NBZc/services/3d-reconstructions"},"revalidatedAt":{"N":"1719888612188"}},{"tag":{"S":"9LuPVtaocJK8d5u67NBZc/_N_T_/services/3d-reconstructions/layout"},"path":{"S":"9LuPVtaocJK8d5u67NBZc/services/3d-reconstructions"},"revalidatedAt":{"N":"1719888612188"}},{"tag":{"S":"9LuPVtaocJK8d5u67NBZc/_N_T_/services/3d-reconstructions/page"},"path":{"S":"9LuPVtaocJK8d5u67NBZc/services/3d-reconstructions"},"revalidatedAt":{"N":"1719888612188"}},{"tag":{"S":"9LuPVtaocJK8d5u67NBZc/_N_T_/services/3d-reconstructions"},"path":{"S":"9LuPVtaocJK8d5u67NBZc/services/3d-reconstructions"},"revalidatedAt":{"N":"1719888612188"}},{"tag":{"S":"9LuPVtaocJK8d5u67NBZc/_N_T_/layout"},"path":{"S":"9LuPVtaocJK8d5u67NBZc/services/augmented-reality"},"revalidatedAt":{"N":"1719888612188"}},{"tag":{"S":"9LuPVtaocJK8d5u67NBZc/_N_T_/services/layout"},"path":{"S":"9LuPVtaocJK8d5u67NBZc/services/augmented-reality"},"revalidatedAt":{"N":"1719888612188"}},{"tag":{"S":"9LuPVtaocJK8d5u67NBZc/_N_T_/services/augmented-reality/layout"},"path":{"S":"9LuPVtaocJK8d5u67NBZc/services/augmented-reality"},"revalidatedAt":{"N":"1719888612188"}},{"tag":{"S":"9LuPVtaocJK8d5u67NBZc/_N_T_/services/augmented-reality/page"},"path":{"S":"9LuPVtaocJK8d5u67NBZc/services/augmented-reality"},"revalidatedAt":{"N":"1719888612188"}},{"tag":{"S":"9LuPVtaocJK8d5u67NBZc/_N_T_/services/augmented-reality"},"path":{"S":"9LuPVtaocJK8d5u67NBZc/services/augmented-reality"},"revalidatedAt":{"N":"1719888612188"}},{"tag":{"S":"9LuPVtaocJK8d5u67NBZc/_N_T_/layout"},"path":{"S":"9LuPVtaocJK8d5u67NBZc/services/flythroughs"},"revalidatedAt":{"N":"1719888612189"}},{"tag":{"S":"9LuPVtaocJK8d5u67NBZc/_N_T_/services/layout"},"path":{"S":"9LuPVtaocJK8d5u67NBZc/services/flythroughs"},"revalidatedAt":{"N":"1719888612189"}},{"tag":{"S":"9LuPVtaocJK8d5u67NBZc/_N_T_/services/flythroughs/layout"},"path":{"S":"9LuPVtaocJK8d5u67NBZc/services/flythroughs"},"revalidatedAt":{"N":"1719888612189"}},{"tag":{"S":"9LuPVtaocJK8d5u67NBZc/_N_T_/services/flythroughs/page"},"path":{"S":"9LuPVtaocJK8d5u67NBZc/services/flythroughs"},"revalidatedAt":{"N":"1719888612189"}},{"tag":{"S":"9LuPVtaocJK8d5u67NBZc/_N_T_/services/flythroughs"},"path":{"S":"9LuPVtaocJK8d5u67NBZc/services/flythroughs"},"revalidatedAt":{"N":"1719888612189"}},{"tag":{"S":"9LuPVtaocJK8d5u67NBZc/_N_T_/layout"},"path":{"S":"9LuPVtaocJK8d5u67NBZc/services/lidar-scans"},"revalidatedAt":{"N":"1719888612189"}},{"tag":{"S":"9LuPVtaocJK8d5u67NBZc/_N_T_/services/layout"},"path":{"S":"9LuPVtaocJK8d5u67NBZc/services/lidar-scans"},"revalidatedAt":{"N":"1719888612189"}},{"tag":{"S":"9LuPVtaocJK8d5u67NBZc/_N_T_/services/lidar-scans/layout"},"path":{"S":"9LuPVtaocJK8d5u67NBZc/services/lidar-scans"},"revalidatedAt":{"N":"1719888612189"}},{"tag":{"S":"9LuPVtaocJK8d5u67NBZc/_N_T_/services/lidar-scans/page"},"path":{"S":"9LuPVtaocJK8d5u67NBZc/services/lidar-scans"},"revalidatedAt":{"N":"1719888612189"}},{"tag":{"S":"9LuPVtaocJK8d5u67NBZc/_N_T_/services/lidar-scans"},"path":{"S":"9LuPVtaocJK8d5u67NBZc/services/lidar-scans"},"revalidatedAt":{"N":"1719888612189"}}]