[{"tag":{"S":"fDs55PTEZ250VpLae_w-I/_N_T_/layout"},"path":{"S":"fDs55PTEZ250VpLae_w-I/_not-found"},"revalidatedAt":{"N":"1717863440652"}},{"tag":{"S":"fDs55PTEZ250VpLae_w-I/_N_T_/_not-found/layout"},"path":{"S":"fDs55PTEZ250VpLae_w-I/_not-found"},"revalidatedAt":{"N":"1717863440652"}},{"tag":{"S":"fDs55PTEZ250VpLae_w-I/_N_T_/_not-found/page"},"path":{"S":"fDs55PTEZ250VpLae_w-I/_not-found"},"revalidatedAt":{"N":"1717863440652"}},{"tag":{"S":"fDs55PTEZ250VpLae_w-I/_N_T_/_not-found"},"path":{"S":"fDs55PTEZ250VpLae_w-I/_not-found"},"revalidatedAt":{"N":"1717863440652"}},{"tag":{"S":"fDs55PTEZ250VpLae_w-I/_N_T_/layout"},"path":{"S":"fDs55PTEZ250VpLae_w-I/about"},"revalidatedAt":{"N":"1717863440652"}},{"tag":{"S":"fDs55PTEZ250VpLae_w-I/_N_T_/about/layout"},"path":{"S":"fDs55PTEZ250VpLae_w-I/about"},"revalidatedAt":{"N":"1717863440653"}},{"tag":{"S":"fDs55PTEZ250VpLae_w-I/_N_T_/about/page"},"path":{"S":"fDs55PTEZ250VpLae_w-I/about"},"revalidatedAt":{"N":"1717863440653"}},{"tag":{"S":"fDs55PTEZ250VpLae_w-I/_N_T_/about"},"path":{"S":"fDs55PTEZ250VpLae_w-I/about"},"revalidatedAt":{"N":"1717863440653"}},{"tag":{"S":"fDs55PTEZ250VpLae_w-I/_N_T_/layout"},"path":{"S":"fDs55PTEZ250VpLae_w-I/favicon.ico"},"revalidatedAt":{"N":"1717863440654"}},{"tag":{"S":"fDs55PTEZ250VpLae_w-I/_N_T_/favicon.ico/layout"},"path":{"S":"fDs55PTEZ250VpLae_w-I/favicon.ico"},"revalidatedAt":{"N":"1717863440654"}},{"tag":{"S":"fDs55PTEZ250VpLae_w-I/_N_T_/favicon.ico/route"},"path":{"S":"fDs55PTEZ250VpLae_w-I/favicon.ico"},"revalidatedAt":{"N":"1717863440654"}},{"tag":{"S":"fDs55PTEZ250VpLae_w-I/_N_T_/favicon.ico"},"path":{"S":"fDs55PTEZ250VpLae_w-I/favicon.ico"},"revalidatedAt":{"N":"1717863440654"}},{"tag":{"S":"fDs55PTEZ250VpLae_w-I/_N_T_/layout"},"path":{"S":"fDs55PTEZ250VpLae_w-I/index"},"revalidatedAt":{"N":"1717863440654"}},{"tag":{"S":"fDs55PTEZ250VpLae_w-I/_N_T_/page"},"path":{"S":"fDs55PTEZ250VpLae_w-I/index"},"revalidatedAt":{"N":"1717863440654"}},{"tag":{"S":"fDs55PTEZ250VpLae_w-I/_N_T_/"},"path":{"S":"fDs55PTEZ250VpLae_w-I/index"},"revalidatedAt":{"N":"1717863440654"}},{"tag":{"S":"fDs55PTEZ250VpLae_w-I/_N_T_/layout"},"path":{"S":"fDs55PTEZ250VpLae_w-I/privacy"},"revalidatedAt":{"N":"1717863440654"}},{"tag":{"S":"fDs55PTEZ250VpLae_w-I/_N_T_/privacy/layout"},"path":{"S":"fDs55PTEZ250VpLae_w-I/privacy"},"revalidatedAt":{"N":"1717863440654"}},{"tag":{"S":"fDs55PTEZ250VpLae_w-I/_N_T_/privacy/page"},"path":{"S":"fDs55PTEZ250VpLae_w-I/privacy"},"revalidatedAt":{"N":"1717863440654"}},{"tag":{"S":"fDs55PTEZ250VpLae_w-I/_N_T_/privacy"},"path":{"S":"fDs55PTEZ250VpLae_w-I/privacy"},"revalidatedAt":{"N":"1717863440654"}},{"tag":{"S":"fDs55PTEZ250VpLae_w-I/_N_T_/layout"},"path":{"S":"fDs55PTEZ250VpLae_w-I/terms"},"revalidatedAt":{"N":"1717863440654"}},{"tag":{"S":"fDs55PTEZ250VpLae_w-I/_N_T_/terms/layout"},"path":{"S":"fDs55PTEZ250VpLae_w-I/terms"},"revalidatedAt":{"N":"1717863440654"}},{"tag":{"S":"fDs55PTEZ250VpLae_w-I/_N_T_/terms/page"},"path":{"S":"fDs55PTEZ250VpLae_w-I/terms"},"revalidatedAt":{"N":"1717863440654"}},{"tag":{"S":"fDs55PTEZ250VpLae_w-I/_N_T_/terms"},"path":{"S":"fDs55PTEZ250VpLae_w-I/terms"},"revalidatedAt":{"N":"1717863440654"}}]